Timestamp,User Count,Type,Name,Requests/s,Failures/s,50%,66%,75%,80%,90%,95%,98%,99%,99.9%,99.99%,100%,Total Request Count,Total Failure Count,Total Median Response Time,Total Average Response Time,Total Min Response Time,Total Max Response Time,Total Average Content Size
1668464474,0,,Aggregated,0.000000,0.000000,N/A,N/A,N/A,N/A,N/A,N/A,N/A,N/A,N/A,N/A,N/A,0,0,0,0,0,0,0
1668464475,1,,Aggregated,0.000000,0.000000,62,62,860,860,860,860,860,860,860,860,860,3,0,62,327.12656733201584,56.45287800143706,862.5780969960033,1223981.0
1668464476,1,,Aggregated,0.000000,0.000000,6,9,10,33,56,62,860,860,860,860,860,41,0,6,36.324645926758485,4.667615001380909,862.5780969960033,119416.0731707317
1668464477,1,,Aggregated,0.000000,0.000000,6,9,10,33,56,62,860,860,860,860,860,41,0,6,36.324645926758485,4.667615001380909,862.5780969960033,119416.0731707317
1668464478,1,,Aggregated,13.500000,0.000000,6,10,33,49,62,230,2300,2300,2300,2300,2300,43,0,6,93.14701218597271,4.667615001380909,2289.992596997763,219247.3488372093
1668464479,1,,Aggregated,13.666667,0.000000,7,8,9,10,57,130,860,2300,2300,2300,2300,82,0,7,56.76860097499718,4.284627000743058,2289.992596997763,135118.15853658537
1668464480,1,,Aggregated,10.250000,0.000000,7,9,10,17,57,130,830,860,2300,2300,2300,119,0,7,50.790536495467585,4.284627000743058,2289.992596997763,139965.53781512604
1668464481,1,,Aggregated,10.250000,0.000000,7,9,10,17,56,130,830,860,2300,2300,2300,123,0,7,49.52619115416693,4.284627000743058,2289.992596997763,136112.0
1668464482,1,,Aggregated,13.666667,0.000000,7,9,12,20,58,73,830,990,2300,2300,2300,164,0,7,47.13427253032356,4.284627000743058,2289.992596997763,129470.86585365854
1668464483,1,,Aggregated,17.571429,0.000000,7,9,11,20,57,73,670,860,2300,2300,2300,205,0,7,43.88891367803231,4.284627000743058,2289.992596997763,124312.21463414634
1668464484,1,,Aggregated,15.875000,0.000000,7,9,12,22,58,130,830,900,2300,2300,2300,209,0,7,48.08865053110347,4.284627000743058,2289.992596997763,146105.22966507176
1668464485,1,,Aggregated,18.222222,0.000000,7,9,11,20,56,73,830,900,2300,2300,2300,246,0,7,43.00694110979822,4.284627000743058,2289.992596997763,129213.79674796748
1668464486,1,,Aggregated,20.500000,0.000000,7,9,12,21,59,85,860,990,2300,2300,2300,249,0,7,48.65422029322061,4.284627000743058,2289.992596997763,145499.0642570281
1668464487,1,,Aggregated,23.000000,0.000000,7,9,11,17,57,84,830,990,2300,2300,2300,287,0,7,43.635811888454,4.284627000743058,2289.992596997763,130466.08710801393
1668464488,1,,Aggregated,23.000000,0.000000,7,9,11,17,57,84,830,990,2300,2300,2300,287,0,7,43.635811888454,4.284627000743058,2289.992596997763,130466.08710801393
1668464489,1,,Aggregated,20.900000,0.000000,7,9,11,17,59,130,830,990,2300,2300,2300,312,0,7,48.59253706084788,4.284627000743058,2289.992596997763,137289.03205128206
1668464490,1,,Aggregated,24.600000,0.000000,7,9,11,17,59,130,830,990,2300,2300,2300,330,0,7,49.00551041813962,4.284627000743058,2289.992596997763,146619.78787878787
1668464491,1,,Aggregated,24.200000,0.000000,7,9,11,16,56,130,810,990,2300,2300,2300,371,0,7,46.336423967654454,4.025927999464329,2289.992596997763,147388.84636118598
1668464492,1,,Aggregated,23.700000,0.000000,7,9,11,16,56,85,670,900,2300,2300,2300,410,0,7,43.112875519532615,4.025927999464329,2289.992596997763,137860.19512195123
1668464493,1,,Aggregated,20.800000,0.000000,6,9,11,14,55,84,670,930,2300,2300,2300,451,0,6,42.477845829311256,4.025927999464329,2289.992596997763,143522.70066518846
1668464495,1,,Aggregated,24.500000,0.000000,6,9,10,14,54,84,670,930,2300,2300,2300,492,0,6,41.05988492082678,4.025927999464329,2289.992596997763,141688.46951219512
1668464496,1,,Aggregated,24.600000,0.000000,6,9,10,14,53,82,630,900,2300,2300,2300,528,0,6,40.21137335427159,4.025927999464329,2289.992596997763,140840.26704545456
1668464497,1,,Aggregated,24.600000,0.000000,6,8,10,14,53,82,630,900,2300,2300,2300,533,0,6,39.9235328556214,4.025927999464329,2289.992596997763,139632.52157598498
1668464498,1,,Aggregated,27.900000,0.000000,6,9,11,16,54,85,670,930,2300,2300,2300,536,0,6,43.38836772024194,4.025927999464329,2289.992596997763,143203.3432835821
1668464499,1,,Aggregated,28.300000,0.000000,6,8,10,13,54,90,630,930,2300,2300,2300,576,0,6,42.116341562607175,3.887906001182273,2289.992596997763,139928.09895833334
1668464500,1,,Aggregated,28.300000,0.000000,6,8,10,13,51,84,630,900,2300,2300,2300,615,0,6,40.115654780562565,3.6740619980264455,2289.992596997763,133093.2292682927
1668464501,1,,Aggregated,28.700000,0.000000,6,8,10,15,54,84,630,930,2300,2300,2300,622,0,6,42.31187079265428,3.6740619980264455,2289.992596997763,133677.51286173632
1668464502,1,,Aggregated,28.700000,0.000000,6,8,10,13,53,84,630,930,2300,2300,2300,656,0,6,40.388075448235455,3.6740619980264455,2289.992596997763,127610.30335365854
1668464503,1,,Aggregated,28.700000,0.000000,6,8,10,13,53,84,630,990,2300,2300,2300,657,0,6,43.01975139123634,3.6740619980264455,2289.992596997763,130406.38812785388
1668464504,1,,Aggregated,28.700000,0.000000,6,7,10,12,53,84,630,990,2300,2300,2300,697,0,6,41.330222846584654,3.498750003927853,2289.992596997763,124899.34002869441
1668464505,1,,Aggregated,28.400000,0.000000,6,7,10,13,51,84,630,930,2300,2300,2300,738,0,6,40.55660551502507,3.498750003927853,2289.992596997763,125575.60840108401
1668464506,1,,Aggregated,28.400000,0.000000,6,7,10,13,51,84,630,930,2300,2300,2300,738,0,6,40.55660551502507,3.498750003927853,2289.992596997763,125575.60840108401
1668464507,1,,Aggregated,24.600000,0.000000,6,7,9,12,51,86,630,990,2300,2300,2300,779,0,6,41.29370137492566,3.498750003927853,2289.992596997763,122802.86007702182
1668464508,1,,Aggregated,24.600000,0.000000,6,7,9,12,51,86,630,990,2300,2300,2300,779,0,6,41.29370137492566,3.498750003927853,2289.992596997763,122802.86007702182
1668464509,1,,Aggregated,24.600000,0.000000,6,7,10,12,53,94,630,1400,2300,2300,2300,792,0,6,43.49122565411498,3.498750003927853,2289.992596997763,126090.67803030302
1668464510,1,,Aggregated,24.600000,0.000000,6,7,9,12,53,93,630,990,2300,2300,2300,820,0,6,42.23411967934403,3.498750003927853,2289.992596997763,122716.21219512195
1668464511,1,,Aggregated,24.600000,0.000000,6,7,9,12,53,93,630,990,2300,2300,2300,820,0,6,42.23411967934403,3.498750003927853,2289.992596997763,122716.21219512195
1668464512,1,,Aggregated,24.600000,0.000000,6,7,9,12,53,93,630,990,2300,2300,2300,820,0,6,42.23411967934403,3.498750003927853,2289.992596997763,122716.21219512195
1668464513,1,,Aggregated,20.200000,0.000000,6,7,9,12,53,95,630,1400,3300,3300,3300,823,0,6,46.61351188707586,3.498750003927853,3349.9487599983695,125559.50303766708
1668464514,1,,Aggregated,20.200000,0.000000,6,7,9,12,53,95,630,1400,3300,3300,3300,861,0,6,45.29950192455427,3.498750003927853,3349.9487599983695,121510.83275261323
1668464515,1,,Aggregated,16.500000,0.000000,6,7,9,12,50,94,630,990,3300,3300,3300,902,0,6,44.688479007792736,3.498750003927853,3349.9487599983695,119552.522172949
1668464516,1,,Aggregated,16.400000,0.000000,6,7,10,12,49,94,630,990,3300,3300,3300,938,0,6,44.280440344357984,3.498750003927853,3349.9487599983695,120462.03518123667
1668464517,1,,Aggregated,14.800000,0.000000,6,7,10,12,49,93,630,990,3300,3300,3300,969,0,6,43.904961247706666,3.498750003927853,3349.9487599983695,119074.75232198142
1668464518,1,,Aggregated,14.800000,0.000000,6,7,9,12,49,90,630,990,3300,3300,3300,984,0,6,43.36519744717917,3.498750003927853,3349.9487599983695,117468.10772357724
1668464519,1,,Aggregated,14.800000,0.000000,6,7,9,12,49,90,630,990,3300,3300,3300,984,0,6,43.36519744717917,3.498750003927853,3349.9487599983695,117468.10772357724
1668464520,1,,Aggregated,20.500000,0.000000,6,7,10,13,50,96,650,1400,3300,3300,3300,988,0,6,46.05303315385776,3.498750003927853,3349.9487599983695,122754.23886639676
1668464521,1,,Aggregated,20.300000,0.000000,6,7,9,12,49,95,630,990,2400,3300,3300,1042,0,6,44.728477425175456,3.498750003927853,3349.9487599983695,119814.37811900192
1668464522,1,,Aggregated,16.500000,0.000000,6,8,9,12,46,94,630,990,2400,3300,3300,1081,0,6,44.04997196580013,3.498750003927853,3349.9487599983695,117744.55319148937
1668464523,1,,Aggregated,16.500000,0.000000,6,8,10,12,45,93,620,930,2400,3300,3300,1107,0,6,43.26633211564054,3.498750003927853,3349.9487599983695,115434.45618789521
1668464524,1,,Aggregated,16.500000,0.000000,6,8,10,12,45,93,620,930,2400,3300,3300,1107,0,6,43.26633211564054,3.498750003927853,3349.9487599983695,115434.45618789521
1668464525,1,,Aggregated,28.600000,0.000000,6,8,10,13,47,96,630,990,2400,3300,3300,1110,0,6,45.59839749550143,3.498750003927853,3349.9487599983695,119570.28918918919
1668464526,1,,Aggregated,24.600000,0.000000,6,8,9,12,46,96,630,990,2400,3300,3300,1148,0,6,44.5443594416586,3.498750003927853,3349.9487599983695,116855.4268292683
1668464527,1,,Aggregated,22.100000,0.000000,6,8,10,13,45,95,630,990,2400,3300,3300,1189,0,6,44.074048513072555,3.498750003927853,3349.9487599983695,117396.18250630783
1668464528,1,,Aggregated,23.400000,0.000000,6,8,10,13,46,95,630,930,2400,3300,3300,1217,0,6,44.12455175764468,3.498750003927853,3349.9487599983695,119525.06244864421
1668464529,1,,Aggregated,22.200000,0.000000,6,8,10,13,45,94,630,930,2400,3300,3300,1251,0,6,43.744628958485116,3.498750003927853,3349.9487599983695,119126.85291766586
1668464530,1,,Aggregated,20.500000,0.000000,6,8,10,13,45,93,630,930,2400,3300,3300,1291,0,6,43.17018170263245,3.498750003927853,3349.9487599983695,118058.32455460883
1668464531,1,,Aggregated,24.600000,0.000000,6,8,10,13,45,93,630,900,2400,3300,3300,1314,0,6,43.15547936689025,3.498750003927853,3349.9487599983695,119421.51445966515
1668464532,1,,Aggregated,28.600000,0.000000,6,8,10,13,45,87,620,900,2400,3300,3300,1353,0,6,42.33216901704465,3.498750003927853,3349.9487599983695,117083.35476718404
1668464533,1,,Aggregated,28.600000,0.000000,6,8,10,13,45,87,620,900,2400,3300,3300,1353,0,6,42.33216901704465,3.498750003927853,3349.9487599983695,117083.35476718404
1668464534,1,,Aggregated,27.100000,0.000000,6,8,10,14,45,94,630,930,2400,3300,3300,1356,0,6,44.04562043883666,3.498750003927853,3349.9487599983695,120155.83628318584
1668464535,1,,Aggregated,24.600000,0.000000,6,8,10,13,45,94,630,930,2400,3300,3300,1394,0,6,43.19722191897146,3.498750003927853,3349.9487599983695,117692.37804878049
1668464536,1,,Aggregated,24.600000,0.000000,6,8,10,13,45,93,630,900,2400,3300,3300,1435,0,6,42.81747911501844,3.498750003927853,3349.9487599983695,118415.7763066202
1668464537,1,,Aggregated,26.100000,0.000000,6,8,10,13,45,90,630,900,2400,3300,3300,1476,0,6,42.41580907390184,3.498750003927853,3349.9487599983695,118580.54200542005
1668464538,1,,Aggregated,25.700000,0.000000,6,8,10,13,45,87,630,870,2400,3300,3300,1517,0,6,42.02100928218535,3.498750003927853,3349.9487599983695,118269.03889255109
1668464539,1,,Aggregated,27.000000,0.000000,6,8,10,13,44,86,620,870,2400,3300,3300,1558,0,6,41.58270103406615,3.498750003927853,3349.9487599983695,117029.62516046214
1668464540,1,,Aggregated,27.000000,0.000000,6,8,10,13,44,86,620,870,2400,3300,3300,1558,0,6,41.58270103406615,3.498750003927853,3349.9487599983695,117029.62516046214
1668464541,1,,Aggregated,27.000000,0.000000,6,8,10,13,44,86,620,870,2400,3300,3300,1558,0,6,41.58270103406615,3.498750003927853,3349.9487599983695,117029.62516046214
1668464542,1,,Aggregated,28.700000,0.000000,6,8,10,13,45,87,630,900,3100,3300,3300,1559,0,6,43.52503468125352,3.498750003927853,3349.9487599983695,119574.805644644
1668464543,1,,Aggregated,24.600000,0.000000,6,8,10,14,45,93,630,900,3100,3300,3300,1599,0,6,43.09337660604028,3.498750003927853,3349.9487599983695,117611.54033771106
1668464544,1,,Aggregated,22.100000,0.000000,6,8,10,14,44,90,620,870,3100,3300,3300,1640,0,6,42.62225154880292,3.498750003927853,3349.9487599983695,116576.575
1668464545,1,,Aggregated,20.600000,0.000000,6,8,10,14,44,87,620,870,3100,3300,3300,1672,0,6,42.440444648943966,3.498750003927853,3349.9487599983695,115870.41088516747
1668464546,1,,Aggregated,24.600000,0.000000,6,8,10,14,44,86,620,870,3100,3300,3300,1681,0,6,42.26687250983912,3.498750003927853,3349.9487599983695,115313.26293872696
1668464548,1,,Aggregated,27.200000,0.000000,6,8,10,14,44,86,620,870,3100,3300,3300,1722,0,6,42.347647580742034,3.498750003927853,3349.9487599983695,116770.76422764227
1668464549,1,,Aggregated,27.200000,0.000000,6,8,10,14,44,86,620,870,3100,3300,3300,1722,0,6,42.347647580742034,3.498750003927853,3349.9487599983695,116770.76422764227
1668464550,1,,Aggregated,27.200000,0.000000,6,8,10,14,44,86,620,870,3100,3300,3300,1722,0,6,42.347647580742034,3.498750003927853,3349.9487599983695,116770.76422764227
1668464551,1,,Aggregated,24.600000,0.000000,6,8,10,13,45,93,620,900,3100,3300,3300,1763,0,6,43.09131364776209,3.498750003927853,3349.9487599983695,116023.01871809416
1668464552,1,,Aggregated,24.600000,0.000000,6,8,10,13,45,93,620,900,3100,3300,3300,1763,0,6,43.09131364776209,3.498750003927853,3349.9487599983695,116023.01871809416
1668464553,1,,Aggregated,24.600000,0.000000,6,8,10,13,45,93,620,900,3100,3300,3300,1763,0,6,43.09131364776209,3.498750003927853,3349.9487599983695,116023.01871809416
1668464554,1,,Aggregated,24.600000,0.000000,6,8,10,13,45,93,620,900,3100,3300,3300,1763,0,6,43.09131364776209,3.498750003927853,3349.9487599983695,116023.01871809416
1668464555,1,,Aggregated,20.400000,0.000000,6,8,10,14,45,100,630,930,3300,3300,3300,1778,0,6,45.05634393589542,3.498750003927853,3349.9487599983695,115839.81439820022
1668464556,1,,Aggregated,16.400000,0.000000,6,8,10,14,45,96,620,900,3300,3300,3300,1820,0,6,44.57425048078601,3.498750003927853,3349.9487599983695,115696.36428571428
1668464557,1,,Aggregated,16.400000,0.000000,6,8,10,14,44,95,620,900,3300,3300,3300,1845,0,6,44.120167881862585,3.498750003927853,3349.9487599983695,114339.14688346883
1668464558,1,,Aggregated,13.200000,0.000000,6,8,10,14,45,100,630,930,3300,3300,3300,1849,0,6,44.938986091420276,3.498750003927853,3349.9487599983695,117945.28447809626
1668464559,1,,Aggregated,13.200000,0.000000,6,8,10,14,44,96,620,930,3300,3300,3300,1886,0,6,44.31121637276071,3.498750003927853,3349.9487599983695,116245.83404029692
1668464560,1,,Aggregated,12.500000,0.000000,6,8,10,14,45,96,630,990,3300,3300,3300,1889,0,6,45.09455899789337,3.498750003927853,3349.9487599983695,117845.01694018
1668464561,1,,Aggregated,12.500000,0.000000,6,8,10,14,45,96,620,930,3300,3300,3300,1927,0,6,44.44667742814385,3.498750003927853,3349.9487599983695,116044.22833419824
1668464562,1,,Aggregated,12.500000,0.000000,6,8,10,14,45,96,620,930,3300,3300,3300,1927,0,6,44.44667742814385,3.498750003927853,3349.9487599983695,116044.22833419824
1668464563,1,,Aggregated,16.400000,0.000000,6,8,10,13,45,100,620,990,3300,3300,3300,1968,0,6,44.76327205286249,3.498750003927853,3349.9487599983695,116094.40904471544
1668464564,1,,Aggregated,16.400000,0.000000,6,8,10,13,45,100,620,990,3300,3300,3300,1968,0,6,44.76327205286249,3.498750003927853,3349.9487599983695,116094.40904471544
1668464565,1,,Aggregated,17.800000,0.000000,6,8,10,13,45,100,630,1200,3300,3300,3300,1969,0,6,45.8050707608104,3.498750003927853,3349.9487599983695,119792.81361097004
1668464566,1,,Aggregated,20.500000,0.000000,6,8,10,13,45,100,620,990,3100,3300,3300,2009,0,6,45.26541482631422,3.498750003927853,3349.9487599983695,118814.08710801393
1668464567,1,,Aggregated,20.100000,0.000000,6,8,10,13,45,100,630,990,3100,3300,3300,2050,0,6,44.9756006190444,3.498750003927853,3349.9487599983695,118825.32146341463
1668464568,1,,Aggregated,20.100000,0.000000,6,8,10,13,45,100,630,990,3100,3300,3300,2050,0,6,44.9756006190444,3.498750003927853,3349.9487599983695,118825.32146341463
1668464569,1,,Aggregated,17.200000,0.000000,6,8,10,13,45,100,630,1200,3100,3300,3300,2051,0,6,45.98738337300963,3.498750003927853,3349.9487599983695,120834.15699658703
1668464570,1,,Aggregated,20.300000,0.000000,6,8,10,13,45,110,630,1200,3100,3300,3300,2091,0,6,45.456284267343726,3.498750003927853,3349.9487599983695,119448.34863701578
1668464571,1,,Aggregated,16.400000,0.000000,6,8,10,13,45,110,630,990,3100,3300,3300,2132,0,6,45.15046068856948,3.498750003927853,3349.9487599983695,119805.46153846153
1668464572,1,,Aggregated,18.500000,0.000000,6,8,10,13,45,110,630,990,3100,3300,3300,2143,0,6,45.45199003874337,3.498750003927853,3349.9487599983695,120896.58516098927
1668464573,1,,Aggregated,16.800000,0.000000,6,8,10,13,45,100,630,990,3100,3300,3300,2192,0,6,44.897176141410746,3.498750003927853,3349.9487599983695,120267.51779197081
1668464574,1,,Aggregated,20.500000,0.000000,6,8,10,13,45,100,630,930,3100,3300,3300,2216,0,6,44.85042526803128,3.498750003927853,3349.9487599983695,121248.25767148014
1668464575,1,,Aggregated,20.500000,0.000000,6,8,10,13,45,100,620,930,3100,3300,3300,2255,0,6,44.29677589975882,3.498750003927853,3349.9487599983695,119944.36452328159
1668464576,1,,Aggregated,24.600000,0.000000,6,8,10,13,45,100,630,990,3100,3300,3300,2267,0,6,44.75934086544075,3.498750003927853,3349.9487599983695,121600.42170269079
1668464577,1,,Aggregated,24.600000,0.000000,6,8,10,13,45,100,630,990,3100,3300,3300,2296,0,6,44.28358318551159,3.498750003927853,3349.9487599983695,120261.33928571429
1668464578,1,,Aggregated,24.600000,0.000000,6,8,10,13,45,100,630,990,3100,3300,3300,2296,0,6,44.28358318551159,3.498750003927853,3349.9487599983695,120261.33928571429
1668464579,1,,Aggregated,27.900000,0.000000,6,8,10,13,45,100,630,990,3100,3300,3300,2337,0,6,44.68366025628436,3.498750003927853,3349.9487599983695,120617.66581086864
1668464580,1,,Aggregated,24.600000,0.000000,6,8,10,13,45,100,630,990,3100,3300,3300,2365,0,6,44.62882824944237,3.498750003927853,3349.9487599983695,122159.60507399577
1668464581,1,,Aggregated,24.800000,0.000000,6,8,10,13,45,100,620,930,3100,3300,3300,2414,0,6,44.139739746855774,3.498750003927853,3349.9487599983695,122260.09444904722
1668464582,1,,Aggregated,26.600000,0.000000,6,8,10,13,45,100,630,930,3100,3300,3300,2421,0,6,44.41351201565821,3.498750003927853,3349.9487599983695,124390.92482445271
1668464583,1,,Aggregated,28.300000,0.000000,6,8,10,13,45,100,620,930,3100,3300,3300,2461,0,6,44.11645346073505,3.498750003927853,3349.9487599983695,124683.99471759447
1668464584,1,,Aggregated,28.700000,0.000000,6,8,10,13,45,100,610,900,3100,3300,3300,2504,0,6,43.7540134472378,3.498750003927853,3349.9487599983695,124618.49440894568
1668464585,1,,Aggregated,27.100000,0.000000,6,8,10,13,44,96,610,900,3100,3300,3300,2542,0,6,43.231508068799535,3.498750003927853,3349.9487599983695,123221.39575137687
1668464586,1,,Aggregated,27.100000,0.000000,6,8,10,13,44,96,610,900,3100,3300,3300,2542,0,6,43.231508068799535,3.498750003927853,3349.9487599983695,123221.39575137687
1668464587,1,,Aggregated,28.100000,0.000000,6,8,10,13,45,100,610,930,3100,3300,3300,2583,0,6,43.50713674058017,3.498750003927853,3349.9487599983695,122543.48664343786
1668464588,1,,Aggregated,28.700000,0.000000,6,8,10,13,44,97,610,900,3100,3300,3300,2624,0,6,43.21703223549997,3.498750003927853,3349.9487599983695,122207.73704268293
1668464589,1,,Aggregated,24.800000,0.000000,6,8,10,13,44,100,610,930,3100,3300,3300,2626,0,6,43.664247456570564,3.498750003927853,3349.9487599983695,122480.15118050267
1668464590,1,,Aggregated,28.700000,0.000000,6,8,10,13,44,96,610,930,3100,3300,3300,2665,0,6,43.192541357952145,3.498750003927853,3349.9487599983695,121027.77560975609
1668464591,1,,Aggregated,28.700000,0.000000,6,8,10,13,44,96,610,930,3100,3300,3300,2665,0,6,43.192541357952145,3.498750003927853,3349.9487599983695,121027.77560975609
1668464592,1,,Aggregated,29.100000,0.000000,6,8,10,13,44,96,610,930,3100,3300,3300,2706,0,6,43.422626565771495,3.498750003927853,3349.9487599983695,120432.21101256467
1668464593,1,,Aggregated,28.700000,0.000000,6,8,10,13,44,96,610,930,3100,3300,3300,2747,0,6,43.162614625033406,3.498750003927853,3349.9487599983695,120680.75500546051
1668464594,1,,Aggregated,28.700000,0.000000,6,8,10,13,44,96,610,930,3100,3300,3300,2747,0,6,43.162614625033406,3.498750003927853,3349.9487599983695,120680.75500546051
1668464596,1,,Aggregated,26.200000,0.000000,6,8,10,13,44,96,610,990,3100,3300,3300,2788,0,6,43.265914308101536,3.498750003927853,3349.9487599983695,119977.92467718796
1668464597,1,,Aggregated,26.200000,0.000000,6,8,10,13,44,96,610,990,3100,3300,3300,2788,0,6,43.265914308101536,3.498750003927853,3349.9487599983695,119977.92467718796
1668464598,1,,Aggregated,24.600000,0.000000,6,8,10,13,45,100,610,990,3100,3300,3300,2802,0,6,43.833163658815806,3.498750003927853,3349.9487599983695,120885.46538187009
1668464599,1,,Aggregated,24.600000,0.000000,6,8,10,13,44,98,610,990,3100,3300,3300,2829,0,6,43.47879610180775,3.498750003927853,3349.9487599983695,119991.33792859668
1668464600,1,,Aggregated,24.600000,0.000000,6,8,10,13,44,98,610,990,3100,3300,3300,2829,0,6,43.47879610180775,3.498750003927853,3349.9487599983695,119991.33792859668
1668464601,1,,Aggregated,24.600000,0.000000,6,8,10,13,44,98,610,990,3100,3300,3300,2829,0,6,43.47879610180775,3.498750003927853,3349.9487599983695,119991.33792859668
1668464602,1,,Aggregated,20.100000,0.000000,6,8,10,13,45,100,610,1200,3100,3300,3300,2869,0,6,44.23490094249452,3.498750003927853,3349.9487599983695,119717.14813523876
1668464603,1,,Aggregated,16.400000,0.000000,6,8,10,13,45,100,610,1200,3100,3300,3300,2873,0,6,44.518779216156155,3.498750003927853,3349.9487599983695,120363.30421162548
1668464604,1,,Aggregated,16.400000,0.000000,6,8,10,12,45,100,610,990,3100,3300,3300,2911,0,6,44.060100827218584,3.498750003927853,3349.9487599983695,119103.44142906218
1668464605,1,,Aggregated,18.600000,0.000000,6,8,10,13,45,100,610,990,3100,3300,3300,2952,0,6,43.8642419214232,3.498750003927853,3349.9487599983695,119241.76524390244
1668464606,1,,Aggregated,16.400000,0.000000,6,8,10,13,45,98,610,990,3100,3300,3300,2993,0,6,43.621749862038,3.498750003927853,3349.9487599983695,118446.6866020715
1668464607,1,,Aggregated,16.400000,0.000000,6,8,10,13,45,98,610,990,3100,3300,3300,2993,0,6,43.621749862038,3.498750003927853,3349.9487599983695,118446.6866020715
1668464608,1,,Aggregated,20.500000,0.000000,6,8,10,13,45,100,620,1200,3100,3300,3300,2995,0,6,44.387207612383044,3.498750003927853,3349.9487599983695,120078.31485809683
1668464609,1,,Aggregated,20.500000,0.000000,6,8,10,12,45,100,610,990,3000,3300,3300,3034,0,6,44.04521022581019,3.498750003927853,3349.9487599983695,119065.05702043507
1668464610,1,,Aggregated,19.700000,0.000000,6,8,10,12,45,100,610,990,3000,3300,3300,3078,0,6,43.87137973134993,3.498750003927853,3349.9487599983695,118820.38401559454
1668464611,1,,Aggregated,19.700000,0.000000,6,8,10,12,44,100,610,930,3000,3300,3300,3116,0,6,43.429464161131534,3.498750003927853,3349.9487599983695,117679.96983311938
1668464612,1,,Aggregated,19.700000,0.000000,6,8,10,12,44,100,610,930,3000,3300,3300,3116,0,6,43.429464161131534,3.498750003927853,3349.9487599983695,117679.96983311938
1668464613,1,,Aggregated,28.700000,0.000000,6,8,10,12,45,100,610,990,3000,3300,3300,3122,0,6,44.22964540809854,3.498750003927853,3349.9487599983695,119229.52338244715
1668464614,1,,Aggregated,26.500000,0.000000,6,8,10,12,45,100,610,990,3000,3300,3300,3160,0,6,44.01702028547023,3.498750003927853,3349.9487599983695,119337.0079113924
1668464615,1,,Aggregated,26.500000,0.000000,6,8,10,12,44,100,610,990,3000,3300,3300,3198,0,6,43.62799501534933,3.498750003927853,3349.9487599983695,118357.45247029394
1668464616,1,,Aggregated,24.600000,0.000000,6,8,10,12,45,100,610,930,3000,3300,3300,3239,0,6,43.46482077958855,3.498750003927853,3349.9487599983695,118810.82371102192
1668464617,1,,Aggregated,24.600000,0.000000,6,8,10,12,44,100,610,930,3000,3300,3300,3282,0,6,43.30012491775936,3.498750003927853,3349.9487599983695,118975.07343083486
1668464618,1,,Aggregated,23.700000,0.000000,6,8,10,12,44,98,610,900,3000,3300,3300,3324,0,6,43.05868735562543,3.498750003927853,3349.9487599983695,119166.76835138387
1668464619,1,,Aggregated,23.700000,0.000000,6,8,10,12,44,96,600,900,3000,3300,3300,3362,0,6,42.67367876177637,3.498750003927853,3349.9487599983695,118194.86198691255
1668464620,1,,Aggregated,23.700000,0.000000,6,8,10,12,44,96,600,900,3000,3300,3300,3362,0,6,42.67367876177637,3.498750003927853,3349.9487599983695,118194.86198691255
1668464621,1,,Aggregated,32.800000,0.000000,6,8,10,12,44,100,610,930,3000,3300,3300,3394,0,6,43.07778917033401,3.498750003927853,3349.9487599983695,118701.26016499706
1668464622,1,,Aggregated,28.700000,0.000000,6,8,10,12,44,100,610,900,3000,3300,3300,3417,0,6,43.08362245422699,3.498750003927853,3349.9487599983695,119466.1179397132
1668464623,1,,Aggregated,24.800000,0.000000,6,8,10,12,44,98,600,900,3000,3300,3300,3463,0,6,42.80284183746058,3.498750003927853,3349.9487599983695,119443.47588795841
1668464624,1,,Aggregated,28.700000,0.000000,6,8,9,12,43,96,600,870,3000,3300,3300,3526,0,6,42.31873094189082,3.498750003927853,3349.9487599983695,118661.90867838911
1668464625,1,,Aggregated,32.600000,0.000000,6,8,9,12,43,96,560,870,3000,3300,3300,3567,0,6,42.06819976593534,3.498750003927853,3349.9487599983695,118115.94056630222
1668464626,1,,Aggregated,32.600000,0.000000,6,8,9,12,43,96,560,870,3000,3300,3300,3567,0,6,42.06819976593534,3.498750003927853,3349.9487599983695,118115.94056630222
1668464627,1,,Aggregated,32.600000,0.000000,6,8,9,12,43,96,560,870,3000,3300,3300,3567,0,6,42.06819976593534,3.498750003927853,3349.9487599983695,118115.94056630222
1668464628,1,,Aggregated,33.700000,0.000000,6,8,9,12,43,100,600,900,3000,3300,3300,3571,0,6,42.9321810988737,3.498750003927853,3349.9487599983695,119309.91234948194
1668464629,1,,Aggregated,28.700000,0.000000,6,8,9,12,43,100,560,870,3000,3300,3300,3609,0,6,42.75495783875989,3.498750003927853,3349.9487599983695,118909.21335550013
1668464630,1,,Aggregated,24.600000,0.000000,6,8,9,12,43,98,560,870,3000,3300,3300,3657,0,6,42.47485635988169,3.498750003927853,3349.9487599983695,118253.60459392946
1668464631,1,,Aggregated,24.600000,0.000000,6,8,9,12,43,96,560,870,3000,3300,3300,3690,0,6,42.156246471303,3.498750003927853,3349.9487599983695,117324.90840108402
1668464632,1,,Aggregated,28.300000,0.000000,6,8,9,12,43,96,560,870,3000,3300,3300,3731,0,6,42.12997871538266,3.498750003927853,3349.9487599983695,117983.87376038596
1668464633,1,,Aggregated,28.300000,0.000000,6,8,9,12,43,96,560,870,3000,3300,3300,3731,0,6,42.12997871538266,3.498750003927853,3349.9487599983695,117983.87376038596
1668464634,1,,Aggregated,28.300000,0.000000,6,8,9,12,43,96,560,870,3000,3300,3300,3731,0,6,42.12997871538266,3.498750003927853,3349.9487599983695,117983.87376038596
1668464635,1,,Aggregated,28.700000,0.000000,6,8,9,11,43,98,560,900,3000,3300,3300,3772,0,6,42.49924268904575,3.498750003927853,3349.9487599983695,117617.0776776246
1668464636,1,,Aggregated,28.700000,0.000000,6,8,9,11,43,98,560,900,3000,3300,3300,3772,0,6,42.49924268904575,3.498750003927853,3349.9487599983695,117617.0776776246
1668464637,1,,Aggregated,28.700000,0.000000,6,8,9,11,43,98,560,900,3000,3300,3300,3772,0,6,42.49924268904575,3.498750003927853,3349.9487599983695,117617.0776776246
1668464638,1,,Aggregated,28.700000,0.000000,6,8,9,11,43,98,560,900,3000,3300,3300,3772,0,6,42.49924268904575,3.498750003927853,3349.9487599983695,117617.0776776246
1668464639,1,,Aggregated,20.500000,0.000000,6,8,9,12,43,100,560,930,3100,3300,3300,3790,0,6,43.400349066523106,3.498750003927853,3349.9487599983695,117445.80897097626
1668464640,1,,Aggregated,20.500000,0.000000,6,8,9,12,43,100,560,900,3100,3300,3300,3839,0,6,43.10883801019167,3.498750003927853,3349.9487599983695,117162.51601979682
1668464641,1,,Aggregated,18.300000,0.000000,6,8,9,12,43,100,550,900,3100,3300,3300,3854,0,6,42.96819356152451,3.498750003927853,3349.9487599983695,116764.21899325376
1668464642,1,,Aggregated,15.000000,0.000000,6,8,9,12,43,100,560,930,3100,3300,3300,3890,0,6,43.057658311847035,3.498750003927853,3349.9487599983695,117802.0938303342
1668464643,1,,Aggregated,15.000000,0.000000,6,8,9,12,43,100,560,930,3100,3300,3300,3895,0,6,43.02067521876454,3.498750003927853,3349.9487599983695,117668.52092426187
1668464644,1,,Aggregated,16.400000,0.000000,6,8,9,12,43,100,560,930,3100,3300,3300,3936,0,6,43.057141212677486,3.498750003927853,3349.9487599983695,117557.05513211382
1668464645,1,,Aggregated,16.400000,0.000000,6,8,9,12,43,100,560,930,3100,3300,3300,3936,0,6,43.057141212677486,3.498750003927853,3349.9487599983695,117557.05513211382
1668464647,1,,Aggregated,16.400000,0.000000,6,8,9,12,43,100,560,990,3100,3300,3300,3940,0,6,43.5405599677915,3.498750003927853,3349.9487599983695,118468.40126903553
1668464648,1,,Aggregated,20.400000,0.000000,6,8,9,11,43,100,560,990,3100,3300,3300,3977,0,6,43.216372472986215,3.498750003927853,3349.9487599983695,117567.54362584863
1668464649,1,,Aggregated,20.400000,0.000000,6,8,9,11,43,100,560,990,3100,3300,3300,3977,0,6,43.216372472986215,3.498750003927853,3349.9487599983695,117567.54362584863
1668464650,1,,Aggregated,20.500000,0.000000,6,8,9,11,43,100,560,990,3000,3300,3300,4018,0,6,43.45964541165711,3.498750003927853,3349.9487599983695,118909.53583872573
1668464651,1,,Aggregated,20.400000,0.000000,6,8,9,11,43,100,560,990,3000,3300,3300,4044,0,6,43.432301294020085,3.498750003927853,3349.9487599983695,119283.48145400593
1668464652,1,,Aggregated,20.400000,0.000000,6,8,9,11,43,100,560,990,3000,3300,3300,4059,0,6,43.305270680469086,3.498750003927853,3349.9487599983695,118913.98324710519
1668464653,1,,Aggregated,20.400000,0.000000,6,8,9,11,43,100,560,990,3000,3300,3300,4059,0,6,43.305270680469086,3.498750003927853,3349.9487599983695,118913.98324710519
1668464654,1,,Aggregated,20.500000,0.000000,6,8,9,11,43,110,560,1100,3000,3300,3300,4100,0,6,43.57078863537293,3.498750003927853,3349.9487599983695,119234.19463414635
1668464655,1,,Aggregated,16.400000,0.000000,6,8,9,11,44,110,560,990,3000,3300,3300,4110,0,6,43.71888655937797,3.498750003927853,3349.9487599983695,120142.51776155717
1668464656,1,,Aggregated,16.400000,0.000000,6,8,9,11,43,100,560,990,3000,3300,3300,4141,0,6,43.45176912389048,3.498750003927853,3349.9487599983695,119421.12678097078
1668464657,1,,Aggregated,19.200000,0.000000,6,8,9,11,43,100,560,990,3000,3300,3300,4182,0,6,43.336862207322504,3.498750003927853,3349.9487599983695,119322.21975131516
1668464658,1,,Aggregated,16.600000,0.000000,6,8,9,11,43,100,560,930,3000,3300,3300,4223,0,6,43.14027352972872,3.498750003927853,3349.9487599983695,119169.5406109401
1668464659,1,,Aggregated,20.500000,0.000000,6,8,9,11,43,100,560,930,3000,3300,3300,4264,0,6,42.97981129457355,3.498750003927853,3349.9487599983695,119510.44277673546
1668464660,1,,Aggregated,24.600000,0.000000,6,8,9,11,43,100,560,990,3000,3300,3300,4268,0,6,43.273635653014644,3.498750003927853,3349.9487599983695,120508.597235239
1668464661,1,,Aggregated,24.600000,0.000000,6,8,9,11,43,100,560,930,3000,3300,3300,4305,0,6,42.969578654605975,3.498750003927853,3349.9487599983695,119684.19210220674
1668464662,1,,Aggregated,24.600000,0.000000,6,8,9,11,43,100,560,930,3000,3300,3300,4305,0,6,42.969578654605975,3.498750003927853,3349.9487599983695,119684.19210220674
1668464663,1,,Aggregated,27.400000,0.000000,6,8,9,11,43,100,560,990,3000,3300,3300,4346,0,6,43.155657060535994,3.498750003927853,3349.9487599983695,119882.7346985734
1668464664,1,,Aggregated,24.600000,0.000000,6,8,9,11,43,100,560,990,3000,3300,3300,4373,0,6,43.18015938671094,3.498750003927853,3349.9487599983695,120736.66338897782
1668464665,1,,Aggregated,27.600000,0.000000,6,8,9,11,43,100,560,960,3000,3300,3300,4428,0,6,42.86230982431072,3.498750003927853,3349.9487599983695,120655.27258355917
1668464666,1,,Aggregated,25.900000,0.000000,6,8,9,11,43,100,560,960,3000,3300,3300,4445,0,6,42.935656468180404,3.498750003927853,3349.9487599983695,121923.60112485939
1668464667,1,,Aggregated,28.700000,0.000000,6,8,9,11,43,100,550,930,3000,3300,3300,4510,0,6,42.52335130023733,3.498750003927853,3349.9487599983695,121406.35365853658
1668464668,1,,Aggregated,28.700000,0.000000,6,8,9,11,43,100,540,930,3000,3300,3300,4551,0,6,42.33504963328279,3.498750003927853,3349.9487599983695,121340.05976708415
1668464669,1,,Aggregated,28.700000,0.000000,6,8,9,11,43,100,540,930,3000,3300,3300,4551,0,6,42.33504963328279,3.498750003927853,3349.9487599983695,121340.05976708415
1668464670,1,,Aggregated,29.100000,0.000000,6,8,9,11,43,100,550,960,3000,3300,3300,4592,0,6,42.42924075263067,3.498750003927853,3349.9487599983695,120975.6537456446
1668464671,1,,Aggregated,28.700000,0.000000,6,8,9,11,43,100,540,930,3000,3300,3300,4633,0,6,42.235765232479416,3.498750003927853,3349.9487599983695,120795.92855601122
1668464672,1,,Aggregated,28.900000,0.000000,6,8,9,11,43,100,550,960,3000,3300,3300,4635,0,6,42.483422754493105,3.498750003927853,3349.9487599983695,120950.87637540454
1668464673,1,,Aggregated,28.900000,0.000000,6,8,9,11,43,100,540,960,3000,3300,3300,4674,0,6,42.2148950982243,3.498750003927853,3349.9487599983695,120134.43346170304
1668464674,1,,Aggregated,32.800000,0.000000,6,8,9,11,43,100,550,990,3000,3300,3300,4676,0,6,42.53475556653209,3.498750003927853,3349.9487599983695,120539.17258340462
1668464675,1,,Aggregated,33.900000,0.000000,6,8,9,11,43,100,550,960,3000,3300,3300,4716,0,6,42.402353349468704,3.498750003927853,3349.9487599983695,120555.8072519084
1668464676,1,,Aggregated,33.900000,0.000000,6,8,9,11,43,99,540,960,3000,3300,3300,4756,0,6,42.12858739089272,3.498750003927853,3349.9487599983695,119951.23212783852
1668464677,1,,Aggregated,32.600000,0.000000,6,8,9,11,43,100,550,990,3000,3300,3300,4758,0,6,42.45270183818679,3.498750003927853,3349.9487599983695,120285.3474148802
1668464678,1,,Aggregated,32.800000,0.000000,6,8,9,11,43,98,550,990,3000,3300,3300,4797,0,6,42.20083621869377,3.498750003927853,3349.9487599983695,119548.70106316448
1668464679,1,,Aggregated,32.800000,0.000000,6,8,9,11,43,98,550,990,3000,3300,3300,4797,0,6,42.20083621869377,3.498750003927853,3349.9487599983695,119548.70106316448
1668464680,1,,Aggregated,27.600000,0.000000,6,8,9,11,43,100,550,990,3000,3300,3300,4838,0,6,42.346539306757066,3.498750003927853,3349.9487599983695,119562.13704009922
1668464681,1,,Aggregated,27.600000,0.000000,6,8,9,11,43,100,550,990,3000,3300,3300,4838,0,6,42.346539306757066,3.498750003927853,3349.9487599983695,119562.13704009922
1668464682,1,,Aggregated,27.600000,0.000000,6,8,9,11,43,100,550,990,3000,3300,3300,4838,0,6,42.346539306757066,3.498750003927853,3349.9487599983695,119562.13704009922
1668464683,1,,Aggregated,24.300000,0.000000,6,8,9,11,43,100,560,1100,3000,3300,3300,4840,0,6,42.98759712336587,3.498750003927853,3349.9487599983695,120035.93367768596
1668464684,1,,Aggregated,20.500000,0.000000,6,8,9,11,43,100,550,1100,3000,3300,3300,4879,0,6,42.799396488228545,3.498750003927853,3349.9487599983695,119377.93338798934
1668464685,1,,Aggregated,16.400000,0.000000,6,8,9,11,43,100,550,990,3000,3300,3300,4920,0,6,42.63774532237295,3.498750003927853,3349.9487599983695,119037.1493902439
1668464686,1,,Aggregated,16.800000,0.000000,6,8,9,11,43,100,550,990,3000,3300,3300,4961,0,6,42.48862281618435,3.498750003927853,3349.9487599983695,119123.1846401935
1668464687,1,,Aggregated,16.400000,0.000000,6,8,9,11,43,100,550,960,3000,3300,3300,5002,0,6,42.32148221832767,3.498750003927853,3349.9487599983695,118647.90463814474
1668464688,1,,Aggregated,16.400000,0.000000,6,8,9,11,43,100,550,960,3000,3300,3300,5002,0,6,42.32148221832767,3.498750003927853,3349.9487599983695,118647.90463814474
1668464689,1,,Aggregated,20.700000,0.000000,6,8,9,11,43,100,550,990,3000,3300,3300,5006,0,6,42.78037279485812,3.498750003927853,3349.9487599983695,119690.24950059928
1668464690,1,,Aggregated,21.200000,0.000000,6,8,9,11,43,100,560,990,3000,3300,3300,5045,0,6,42.65677024758542,3.498750003927853,3349.9487599983695,119307.30882061447
1668464691,1,,Aggregated,20.500000,0.000000,6,8,9,11,43,100,550,990,3000,3300,3300,5088,0,6,42.49545633393872,3.498750003927853,3349.9487599983695,118871.89956761006
1668464692,1,,Aggregated,21.500000,0.000000,6,8,9,11,42,100,550,960,3000,3300,3300,5125,0,6,42.23428280235598,3.498750003927853,3349.9487599983695,118179.89385365853
1668464693,1,,Aggregated,21.500000,0.000000,6,8,9,11,42,100,550,960,3000,3300,3300,5125,0,6,42.23428280235598,3.498750003927853,3349.9487599983695,118179.89385365853
1668464694,1,,Aggregated,27.200000,0.000000,6,8,9,11,42,100,550,990,3000,3300,3300,5157,0,6,42.519679913915354,3.498750003927853,3349.9487599983695,118646.95986038394
1668464695,1,,Aggregated,28.700000,0.000000,6,8,9,11,42,100,550,960,3000,3300,3300,5204,0,6,42.32881733168059,3.498750003927853,3349.9487599983695,118649.357801691
1668464696,1,,Aggregated,28.300000,0.000000,6,8,9,11,43,100,550,960,3000,3300,3300,5217,0,6,42.418568039306585,3.498750003927853,3349.9487599983695,119411.71036994441
1668464697,1,,Aggregated,28.700000,0.000000,6,8,9,11,42,100,550,960,3000,3300,3300,5252,0,6,42.32360730961527,3.498750003927853,3349.9487599983695,119271.95411271896
1668464699,1,,Aggregated,25.600000,0.000000,6,8,9,11,42,100,550,930,3000,3300,3300,5326,0,6,41.9301606329526,3.498750003927853,3349.9487599983695,118410.3689447991
1668464700,1,,Aggregated,25.000000,0.000000,6,8,9,11,42,100,550,930,3000,3300,3300,5359,0,6,41.85920575239655,3.498750003927853,3349.9487599983695,118690.28867325994
1668464701,1,,Aggregated,25.000000,0.000000,6,8,9,11,42,99,550,930,3000,3300,3300,5371,0,6,41.78288382351353,3.498750003927853,3349.9487599983695,118476.15155464532
1668464702,1,,Aggregated,25.000000,0.000000,6,8,9,11,42,99,550,930,3000,3300,3300,5371,0,6,41.78288382351353,3.498750003927853,3349.9487599983695,118476.15155464532
1668464703,1,,Aggregated,31.600000,0.000000,6,8,9,11,42,100,550,930,3000,3300,3300,5412,0,6,42.0044980680123,3.498750003927853,3349.9487599983695,118622.97302291205
1668464704,1,,Aggregated,26.100000,0.000000,6,8,9,11,42,100,550,930,3000,3300,3300,5443,0,6,41.96004878506039,3.498750003927853,3349.9487599983695,118976.38324453427
1668464705,1,,Aggregated,28.000000,0.000000,6,8,9,11,42,100,550,930,3000,3300,3300,5481,0,6,41.85452425452717,3.498750003927853,3349.9487599983695,119098.39463601532
1668464706,1,,Aggregated,30.300000,0.000000,6,8,9,11,42,99,550,900,3000,3300,3300,5535,0,6,41.6273411002878,3.498750003927853,3349.9487599983695,118761.82457091237
1668464707,1,,Aggregated,30.300000,0.000000,6,8,9,11,41,98,550,900,3000,3300,3300,5576,0,6,41.46814441805592,3.498750003927853,3349.9487599983695,118411.69978479197
1668464708,1,,Aggregated,30.300000,0.000000,6,8,9,11,41,98,550,900,3000,3300,3300,5576,0,6,41.46814441805592,3.498750003927853,3349.9487599983695,118411.69978479197
1668464709,1,,Aggregated,30.300000,0.000000,6,8,9,11,41,98,550,900,3000,3300,3300,5576,0,6,41.46814441805592,3.498750003927853,3349.9487599983695,118411.69978479197
1668464710,1,,Aggregated,32.400000,0.000000,6,8,9,11,42,100,550,930,3000,3300,3300,5579,0,6,42.025774888525255,3.498750003927853,3349.9487599983695,119158.04230148772
1668464711,1,,Aggregated,32.400000,0.000000,6,8,9,11,42,100,550,900,3000,3300,3300,5617,0,6,41.875585338984436,3.498750003927853,3349.9487599983695,118575.94160583941
1668464712,1,,Aggregated,25.200000,0.000000,6,8,9,11,41,100,540,900,3000,3300,3300,5658,0,6,41.72311982910271,3.498750003927853,3349.9487599983695,118270.21615411807
1668464713,1,,Aggregated,22.000000,0.000000,6,8,9,11,41,99,550,900,3000,3300,3300,5699,0,6,41.601442965445905,3.498750003927853,3349.9487599983695,117881.56448499736
1668464714,1,,Aggregated,28.700000,0.000000,6,8,9,11,41,98,550,900,3000,3300,3300,5726,0,6,41.65647265474504,3.498750003927853,3349.9487599983695,118520.82727907789
1668464715,1,,Aggregated,28.700000,0.000000,6,8,9,11,41,98,550,900,3000,3300,3300,5740,0,6,41.58191886307726,3.498750003927853,3349.9487599983695,118305.06236933797
1668464716,1,,Aggregated,28.700000,0.000000,6,8,9,11,41,98,550,900,3000,3300,3300,5740,0,6,41.58191886307726,3.498750003927853,3349.9487599983695,118305.06236933797
1668464717,1,,Aggregated,28.000000,0.000000,6,8,9,11,41,100,550,930,3000,3300,3300,5767,0,6,41.88970536623439,3.498750003927853,3349.9487599983695,118322.01647303624
1668464718,1,,Aggregated,28.000000,0.000000,6,8,9,11,41,100,550,930,3000,3300,3300,5781,0,6,41.802849967664365,3.498750003927853,3349.9487599983695,118063.37640546619
1668464719,1,,Aggregated,28.000000,0.000000,6,8,9,11,41,100,550,930,3000,3300,3300,5781,0,6,41.802849967664365,3.498750003927853,3349.9487599983695,118063.37640546619
1668464720,1,,Aggregated,28.000000,0.000000,6,8,9,11,41,100,550,930,3000,3300,3300,5781,0,6,41.802849967664365,3.498750003927853,3349.9487599983695,118063.37640546619
1668464721,1,,Aggregated,20.500000,0.000000,6,8,9,11,41,100,550,930,3000,3300,3300,5816,0,6,42.236301378966374,3.498750003927853,3349.9487599983695,117667.25670563962
1668464722,1,,Aggregated,20.400000,0.000000,6,8,9,11,41,100,540,930,3000,3300,3300,5863,0,6,42.04468072148826,3.498750003927853,3349.9487599983695,117502.26556370458
1668464723,1,,Aggregated,20.400000,0.000000,6,8,9,11,41,100,540,930,3000,3300,3300,5863,0,6,42.04468072148826,3.498750003927853,3349.9487599983695,117502.26556370458
1668464724,1,,Aggregated,16.500000,0.000000,6,8,9,11,41,100,540,930,3000,3300,3300,5904,0,6,42.04912437958758,3.498750003927853,3349.9487599983695,118091.1360094851
1668464725,1,,Aggregated,16.400000,0.000000,6,8,9,11,41,100,550,960,3000,3300,3300,5907,0,6,42.27092176199177,3.498750003927853,3349.9487599983695,118601.60165904858
1668464726,1,,Aggregated,16.400000,0.000000,6,8,9,11,41,100,550,960,3000,3300,3300,5945,0,6,42.06237793609451,3.498750003927853,3349.9487599983695,118012.95592935239
1668464727,1,,Aggregated,16.400000,0.000000,6,8,9,11,41,100,550,990,3000,3300,3300,5946,0,6,42.320246495976534,3.498750003927853,3349.9487599983695,118557.45257315843
1668464728,1,,Aggregated,20.500000,0.000000,6,8,9,11,41,100,550,990,3000,3300,3300,5986,0,6,42.14871178651792,3.498750003927853,3349.9487599983695,118012.13848980956
1668464729,1,,Aggregated,20.500000,0.000000,6,8,9,11,41,100,550,990,3000,3300,3300,5986,0,6,42.14871178651792,3.498750003927853,3349.9487599983695,118012.13848980956
1668464730,1,,Aggregated,18.800000,0.000000,6,8,9,11,42,100,550,1000,3000,3300,3300,5990,0,6,42.52712096929702,3.498750003927853,3349.9487599983695,119425.22904841402
1668464731,1,,Aggregated,20.500000,0.000000,6,8,9,11,42,100,550,990,3000,3300,3300,6028,0,6,42.4329657739096,3.498750003927853,3349.9487599983695,119418.82133377572
1668464732,1,,Aggregated,20.500000,0.000000,6,8,9,11,42,100,550,990,3000,3300,3300,6068,0,6,42.233096353179654,3.498750003927853,3349.9487599983695,118909.85069215557
1668464733,1,,Aggregated,20.500000,0.000000,6,8,9,11,42,100,550,990,3000,3300,3300,6068,0,6,42.233096353179654,3.498750003927853,3349.9487599983695,118909.85069215557
1668464734,1,,Aggregated,23.500000,0.000000,6,8,9,11,42,100,550,1000,3000,3300,3300,6071,0,6,42.6234784521646,3.498750003927853,3349.9487599983695,119645.72245099655
1668464735,1,,Aggregated,20.500000,0.000000,6,8,9,10,42,100,550,990,3000,3300,3300,6109,0,6,42.435862304154846,3.498750003927853,3349.9487599983695,119121.23375347847
1668464736,1,,Aggregated,17.300000,0.000000,6,8,9,11,42,100,550,990,3000,3300,3300,6150,0,6,42.333760466677425,3.498750003927853,3349.9487599983695,119248.2905691057
1668464737,1,,Aggregated,19.200000,0.000000,6,8,9,11,42,100,550,990,3000,3300,3300,6191,0,6,42.2728624295048,3.498750003927853,3349.9487599983695,119183.07801647553
1668464738,1,,Aggregated,18.100000,0.000000,6,8,9,10,42,100,550,960,3000,3300,3300,6232,0,6,42.1455595709402,3.498750003927853,3349.9487599983695,119081.49855584082
1668464739,1,,Aggregated,20.500000,0.000000,6,8,9,11,42,100,550,960,3000,3300,3300,6273,0,6,42.06414576137073,3.498750003927853,3349.9487599983695,119310.78941495297
1668464740,1,,Aggregated,20.500000,0.000000,6,8,9,11,42,100,550,960,3000,3300,3300,6273,0,6,42.06414576137073,3.498750003927853,3349.9487599983695,119310.78941495297
1668464741,1,,Aggregated,24.600000,0.000000,6,8,9,11,42,100,550,960,3000,3300,3300,6314,0,6,42.0955717415402,3.498750003927853,3349.9487599983695,119430.16708900855
1668464742,1,,Aggregated,24.600000,0.000000,6,8,9,11,42,100,550,960,3000,3300,3300,6314,0,6,42.0955717415402,3.498750003927853,3349.9487599983695,119430.16708900855
1668464743,1,,Aggregated,24.600000,0.000000,6,8,9,11,42,100,560,990,3000,3300,3300,6318,0,6,42.41275798545109,3.498750003927853,3349.9487599983695,120104.81354859132
1668464744,1,,Aggregated,25.600000,0.000000,6,8,9,11,42,100,550,990,3000,3300,3300,6355,0,6,42.2222962947479,3.498750003927853,3349.9487599983695,119565.6383949646
1668464745,1,,Aggregated,24.600000,0.000000,6,8,9,11,42,100,550,960,3000,3300,3300,6410,0,6,42.121321313750066,3.498750003927853,3349.9487599983695,120516.82620904836
1668464746,1,,Aggregated,25.700000,0.000000,6,8,9,10,42,100,560,960,3000,3300,3300,6439,0,6,42.08842662248026,3.498750003927853,3349.9487599983695,120984.7566392297
1668464747,1,,Aggregated,26.100000,0.000000,6,8,9,10,42,100,550,960,3000,3300,3300,6489,0,6,41.921038577462944,3.498750003927853,3349.9487599983695,121091.28494375096
1668464748,1,,Aggregated,30.000000,0.000000,6,8,9,10,41,100,550,930,3000,3300,3300,6541,0,6,41.741829791795574,3.498750003927853,3349.9487599983695,120888.10824033023
1668464749,1,,Aggregated,29.000000,0.000000,6,8,9,10,41,100,540,930,3000,3300,3300,6560,0,6,41.641408844533565,3.498750003927853,3349.9487599983695,120579.45259146341
1668464750,1,,Aggregated,31.000000,0.000000,6,8,9,10,42,100,550,960,3000,3300,3300,6563,0,6,41.907702920636964,3.498750003927853,3349.9487599983695,120879.79079689167
1668464752,1,,Aggregated,31.500000,0.000000,6,8,9,10,41,100,550,930,3000,3300,3300,6603,0,6,41.8107057345352,3.498750003927853,3349.9487599983695,120729.3402998637
1668464753,1,,Aggregated,28.700000,0.000000,6,8,9,10,41,100,550,930,3000,3300,3300,6642,0,6,41.61500597728789,3.498750003927853,3349.9487599983695,120211.5925925926
1668464754,1,,Aggregated,29.000000,0.000000,6,7,9,10,41,99,550,960,3000,3300,3300,6683,0,6,41.6044423902679,3.498750003927853,3349.9487599983695,119752.94508454287
1668464755,1,,Aggregated,29.000000,0.000000,6,7,9,10,41,99,550,960,3000,3300,3300,6683,0,6,41.6044423902679,3.498750003927853,3349.9487599983695,119752.94508454287
1668464756,1,,Aggregated,35.800000,0.000000,6,7,9,10,42,100,550,990,3000,3300,3300,6695,0,6,41.84501361839851,3.498750003927853,3349.9487599983695,119955.60941000747
1668464757,1,,Aggregated,32.600000,0.000000,6,7,9,10,42,100,550,960,3000,3300,3300,6739,0,6,41.722738529921905,3.498750003927853,3349.9487599983695,119989.85888113963
1668464758,1,,Aggregated,32.600000,0.000000,6,7,9,10,41,100,550,960,3000,3300,3300,6765,0,6,41.58674503786147,3.498750003927853,3349.9487599983695,119627.61581670362
1668464759,1,,Aggregated,28.800000,0.000000,6,7,9,10,42,100,550,990,3000,3300,3300,6775,0,6,41.80103421492937,3.498750003927853,3349.9487599983695,119809.55188191881
1668464760,1,,Aggregated,28.800000,0.000000,6,7,9,10,41,100,550,960,3000,3300,3300,6806,0,6,41.64039770072671,3.498750003927853,3349.9487599983695,119345.81046135763
1668464761,1,,Aggregated,22.100000,0.000000,6,7,9,10,42,100,550,990,3000,3300,3300,6809,0,6,41.88195201162181,3.498750003927853,3349.9487599983695,119822.77265384051
1668464762,1,,Aggregated,22.100000,0.000000,6,7,9,10,42,100,550,990,3000,3300,3300,6847,0,6,41.716627403255735,3.498750003927853,3349.9487599983695,119357.0801811012
1668464763,1,,Aggregated,22.100000,0.000000,6,7,9,10,42,100,550,990,3000,3300,3300,6847,0,6,41.716627403255735,3.498750003927853,3349.9487599983695,119357.0801811012
1668464764,1,,Aggregated,22.100000,0.000000,6,7,9,10,42,100,550,990,3000,3300,3300,6847,0,6,41.716627403255735,3.498750003927853,3349.9487599983695,119357.0801811012
1668464765,1,,Aggregated,20.500000,0.000000,6,7,9,10,42,100,550,1000,3000,3300,3300,6853,0,6,42.215716177162804,3.498750003927853,3349.9487599983695,119702.81161535095
1668464766,1,,Aggregated,16.400000,0.000000,6,8,9,10,42,100,560,1000,3000,3300,3300,6891,0,6,42.12454276231285,3.498750003927853,3349.9487599983695,119515.04759831664
1668464767,1,,Aggregated,16.700000,0.000000,6,7,9,10,42,100,560,990,3000,3300,3300,6932,0,6,42.024782214955934,3.498750003927853,3349.9487599983695,119514.63387189845
1668464768,1,,Aggregated,20.100000,0.000000,6,8,9,10,42,100,550,990,3000,3300,3300,6977,0,6,41.90015842082398,3.498750003927853,3349.9487599983695,119197.51555109645
1668464769,1,,Aggregated,20.100000,0.000000,6,7,9,10,42,100,550,960,3000,3300,3300,7011,0,6,41.72855934717801,3.498750003927853,3349.9487599983695,118709.31493367565
1668464770,1,,Aggregated,20.100000,0.000000,6,7,9,10,42,100,550,960,3000,3300,3300,7011,0,6,41.72855934717801,3.498750003927853,3349.9487599983695,118709.31493367565
1668464771,1,,Aggregated,24.300000,0.000000,6,7,9,10,42,100,550,990,3000,3300,3300,7033,0,6,41.999536596051186,3.498750003927853,3349.9487599983695,119237.19977250107
1668464772,1,,Aggregated,20.500000,0.000000,6,7,9,10,42,100,550,990,3000,3300,3300,7093,0,6,41.780563573666626,3.498750003927853,3349.9487599983695,118717.56280840265
1668464773,1,,Aggregated,20.500000,0.000000,6,7,9,10,41,100,540,960,3000,3300,3300,7134,0,6,41.64874316092255,3.498750003927853,3349.9487599983695,118370.24838800113
1668464774,1,,Aggregated,20.500000,0.000000,6,7,9,10,41,100,540,960,3000,3300,3300,7134,0,6,41.64874316092255,3.498750003927853,3349.9487599983695,118370.24838800113
1668464775,1,,Aggregated,26.600000,0.000000,6,7,9,10,42,100,550,990,3000,3300,3300,7136,0,6,41.945828039381155,3.498750003927853,3349.9487599983695,118987.9297926009
1668464776,1,,Aggregated,26.600000,0.000000,6,7,9,10,41,100,540,990,3000,3300,3300,7175,0,6,41.808246982579796,3.498750003927853,3349.9487599983695,118581.6231358885
1668464777,1,,Aggregated,28.400000,0.000000,6,7,9,10,41,100,540,960,3000,3300,3300,7216,0,6,41.711326758315145,3.498750003927853,3349.9487599983695,118663.83093126386
1668464778,1,,Aggregated,28.700000,0.000000,6,7,9,10,42,100,540,960,3000,3300,3300,7257,0,6,41.63269894584531,3.498750003927853,3349.9487599983695,118862.94543199669
1668464779,1,,Aggregated,28.400000,0.000000,6,7,9,10,41,100,540,930,3000,3300,3300,7301,0,6,41.56660858389714,3.498750003927853,3349.9487599983695,118942.34858238598
1668464780,1,,Aggregated,27.100000,0.000000,6,7,9,10,41,100,540,930,3000,3300,3300,7342,0,6,41.47253860106764,3.498750003927853,3349.9487599983695,119023.51961318441
1668464781,1,,Aggregated,27.100000,0.000000,6,7,9,10,41,100,540,930,3000,3300,3300,7380,0,6,41.31542981274656,3.498750003927853,3349.9487599983695,118577.93292682926
1668464782,1,,Aggregated,27.100000,0.000000,6,7,9,10,41,100,540,930,3000,3300,3300,7380,0,6,41.31542981274656,3.498750003927853,3349.9487599983695,118577.93292682926
1668464783,1,,Aggregated,36.700000,0.000000,6,7,9,10,41,100,540,960,3000,3300,3300,7394,0,6,41.59651030417499,3.498750003927853,3349.9487599983695,119051.31309169596
1668464784,1,,Aggregated,32.700000,0.000000,6,7,9,10,41,100,540,930,3000,3300,3300,7424,0,6,41.55979172064455,3.498750003927853,3349.9487599983695,119251.22238685345
1668464785,1,,Aggregated,26.800000,0.000000,6,8,9,10,41,100,540,930,3000,3300,3300,7464,0,6,41.47417185477502,3.498750003927853,3349.9487599983695,119299.14134512325
1668464786,1,,Aggregated,28.700000,0.000000,6,7,9,10,41,100,540,900,3000,3300,3300,7507,0,6,41.3708886332822,3.498750003927853,3349.9487599983695,119256.5593446117
1668464787,1,,Aggregated,32.400000,0.000000,6,7,9,10,41,100,540,900,3000,3300,3300,7566,0,6,41.185680449646235,3.498750003927853,3349.9487599983695,118782.10573618821
1668464788,1,,Aggregated,32.400000,0.000000,6,7,9,10,41,100,540,900,3000,3300,3300,7585,0,6,41.10325022281101,3.498750003927853,3349.9487599983695,118527.78114700066
1668464789,1,,Aggregated,32.400000,0.000000,6,7,9,10,41,100,540,900,3000,3300,3300,7585,0,6,41.10325022281101,3.498750003927853,3349.9487599983695,118527.78114700066
1668464790,1,,Aggregated,34.400000,0.000000,6,7,9,10,41,100,540,930,3000,3300,3300,7586,0,6,41.45864389256768,3.498750003927853,3349.9487599983695,119050.64408120222
1668464791,1,,Aggregated,28.900000,0.000000,6,7,9,10,41,100,540,900,3000,3300,3300,7626,0,6,41.366998154473784,3.498750003927853,3349.9487599983695,118655.46289011277
1668464792,1,,Aggregated,24.600000,0.000000,6,7,9,10,41,100,530,900,3000,3300,3300,7667,0,6,41.248520798487746,3.498750003927853,3349.9487599983695,118428.11529933481
1668464793,1,,Aggregated,20.800000,0.000000,6,7,9,10,41,100,530,870,3000,3300,3300,7708,0,6,41.14053465347972,3.498750003927853,3349.9487599983695,118146.14530358069
1668464794,1,,Aggregated,24.600000,0.000000,6,7,9,10,41,100,530,900,3000,3300,3300,7737,0,6,41.19386066395695,3.498750003927853,3349.9487599983695,118595.18676489596
1668464795,1,,Aggregated,24.600000,0.000000,6,7,9,10,41,100,530,900,3000,3300,3300,7749,0,6,41.145857558014406,3.498750003927853,3349.9487599983695,118457.20828493999
1668464796,1,,Aggregated,24.600000,0.000000,6,7,9,10,41,100,530,900,3000,3300,3300,7749,0,6,41.145857558014406,3.498750003927853,3349.9487599983695,118457.20828493999
1668464797,1,,Aggregated,29.100000,0.000000,6,7,9,10,41,100,530,930,3000,3300,3300,7790,0,6,41.301590604498756,3.498750003927853,3349.9487599983695,118277.15827984596
1668464798,1,,Aggregated,29.100000,0.000000,6,7,9,10,41,100,530,930,3000,3300,3300,7790,0,6,41.301590604498756,3.498750003927853,3349.9487599983695,118277.15827984596
1668464799,1,,Aggregated,29.100000,0.000000,6,7,9,10,41,100,530,930,3000,3300,3300,7790,0,6,41.301590604498756,3.498750003927853,3349.9487599983695,118277.15827984596
1668464800,1,,Aggregated,29.100000,0.000000,6,7,9,10,41,100,530,930,3000,3300,3300,7790,0,6,41.301590604498756,3.498750003927853,3349.9487599983695,118277.15827984596
1668464801,1,,Aggregated,20.500000,0.000000,6,7,9,10,41,100,540,960,3000,3300,3300,7794,0,6,41.77953876379824,3.498750003927853,3349.9487599983695,118364.86399794713
1668464803,1,,Aggregated,20.500000,0.000000,6,7,9,10,41,100,540,930,3000,3300,3300,7833,0,6,41.7244161567774,3.498750003927853,3349.9487599983695,118322.67330524704
1668464804,1,,Aggregated,20.200000,0.000000,6,7,9,10,41,100,530,930,3000,3300,3300,7872,0,6,41.564280007882985,3.498750003927853,3349.9487599983695,117855.96595528456
1668464805,1,,Aggregated,16.100000,0.000000,6,7,9,10,41,100,530,930,3000,3300,3300,7908,0,6,41.58764138430244,3.498750003927853,3349.9487599983695,118359.50821952453
1668464806,1,,Aggregated,16.100000,0.000000,6,7,9,10,41,100,530,930,3000,3300,3300,7913,0,6,41.567290143947,3.498750003927853,3349.9487599983695,118297.1736383167
1668464807,1,,Aggregated,15.400000,0.000000,6,7,9,10,41,100,530,960,3000,3300,3300,7954,0,6,41.59420410913478,3.498750003927853,3349.9487599983695,118237.29997485541
1668464808,1,,Aggregated,15.400000,0.000000,6,7,9,10,41,100,530,960,3000,3300,3300,7954,0,6,41.59420410913478,3.498750003927853,3349.9487599983695,118237.29997485541
1668464809,1,,Aggregated,20.300000,0.000000,6,7,9,10,41,100,540,990,3000,3300,3300,7974,0,6,41.753402516434655,3.498750003927853,3349.9487599983695,118505.57938299474
1668464810,1,,Aggregated,20.300000,0.000000,6,7,9,10,41,100,540,990,3000,3300,3300,7995,0,6,41.66203556423289,3.498750003927853,3349.9487599983695,118235.25353345841
1668464811,1,,Aggregated,20.300000,0.000000,6,7,9,10,41,100,540,990,3000,3300,3300,7995,0,6,41.66203556423289,3.498750003927853,3349.9487599983695,118235.25353345841
1668464812,1,,Aggregated,20.500000,0.000000,6,7,9,10,41,100,540,990,3000,3300,3300,8036,0,6,41.79832724813686,3.498750003927853,3349.9487599983695,118908.27389248382
1668464813,1,,Aggregated,20.500000,0.000000,6,7,9,10,41,100,540,990,3000,3300,3300,8075,0,6,41.734808559384234,3.498750003927853,3349.9487599983695,118937.3919504644
1668464814,1,,Aggregated,20.500000,0.000000,6,7,9,10,41,100,540,990,3000,3300,3300,8077,0,6,41.72826886641427,3.498750003927853,3349.9487599983695,118910.77702117123
1668464815,1,,Aggregated,20.500000,0.000000,6,7,9,10,41,100,540,990,3000,3300,3300,8077,0,6,41.72826886641427,3.498750003927853,3349.9487599983695,118910.77702117123
1668464816,1,,Aggregated,20.500000,0.000000,6,7,9,10,41,100,540,990,3000,3300,3300,8118,0,6,41.85948110347578,3.498750003927853,3349.9487599983695,119073.9546686376
1668464817,1,,Aggregated,17.400000,0.000000,6,7,9,10,41,100,540,990,3000,3300,3300,8159,0,6,41.78092329905463,3.498750003927853,3349.9487599983695,119169.85034930751
1668464818,1,,Aggregated,20.200000,0.000000,6,7,9,10,41,100,540,990,3000,3300,3300,8195,0,6,41.74314070530415,3.498750003927853,3349.9487599983695,119186.53825503356
1668464819,1,,Aggregated,19.500000,0.000000,6,7,9,10,41,100,540,960,3000,3300,3300,8231,0,6,41.68309493864282,3.498750003927853,3349.9487599983695,119165.69384035961
1668464820,1,,Aggregated,20.800000,0.000000,6,7,9,10,41,100,540,960,3000,3300,3300,8255,0,6,41.68545803233862,3.498750003927853,3349.9487599983695,119510.70914597214
1668464821,1,,Aggregated,20.800000,0.000000,6,7,9,10,41,100,540,960,3000,3300,3300,8282,0,6,41.57377306109308,3.498750003927853,3349.9487599983695,119217.7605650809
1668464822,1,,Aggregated,24.600000,0.000000,6,8,9,10,41,100,540,960,3000,3300,3300,8323,0,6,41.58161997140057,3.498750003927853,3349.9487599983695,119309.25651808242
1668464823,1,,Aggregated,24.600000,0.000000,6,8,9,10,41,100,540,960,3000,3300,3300,8323,0,6,41.58161997140057,3.498750003927853,3349.9487599983695,119309.25651808242
1668464824,1,,Aggregated,26.200000,0.000000,6,8,9,10,42,100,540,990,3000,3300,3300,8326,0,6,41.80615341652291,3.498750003927853,3349.9487599983695,119806.70490031228
1668464825,1,,Aggregated,26.200000,0.000000,6,8,9,10,41,100,540,990,3000,3300,3300,8364,0,6,41.6703390257001,3.498750003927853,3349.9487599983695,119412.66367766619
1668464826,1,,Aggregated,24.600000,0.000000,6,7,9,10,42,100,540,960,3000,3300,3300,8407,0,6,41.65079403472981,3.498750003927853,3349.9487599983695,120169.11347686451
1668464827,1,,Aggregated,24.600000,0.000000,6,8,9,10,42,100,540,960,3000,3300,3300,8446,0,6,41.50851557719125,3.498750003927853,3349.9487599983695,119834.06204120294
1668464828,1,,Aggregated,29.000000,0.000000,6,7,9,10,42,100,540,960,3000,3300,3300,8487,0,6,41.4506160911923,3.498750003927853,3349.9487599983695,120225.84729586427
1668464829,1,,Aggregated,29.900000,0.000000,6,7,9,10,41,100,540,930,3000,3300,3300,8550,0,6,41.313384009115175,3.498750003927853,3349.9487599983695,120439.26561403509
1668464830,1,,Aggregated,29.900000,0.000000,6,7,9,10,41,100,530,930,3000,3300,3300,8569,0,6,41.235822697972594,3.498750003927853,3349.9487599983695,120205.57661337379
1668464831,1,,Aggregated,32.800000,0.000000,6,7,9,10,41,100,540,960,3000,3300,3300,8572,0,6,41.43516269819596,3.498750003927853,3349.9487599983695,120435.65608959402
1668464832,1,,Aggregated,32.800000,0.000000,6,7,9,10,41,100,540,930,3000,3300,3300,8614,0,6,41.359448835961594,3.3185819993377663,3349.9487599983695,120338.29173438589
1668464833,1,,Aggregated,32.800000,0.000000,6,7,9,10,41,100,530,930,3000,3300,3300,8651,0,6,41.20808808172243,3.3185819993377663,3349.9487599983695,119924.76557623396
1668464834,1,,Aggregated,32.400000,0.000000,6,7,9,10,41,100,540,960,3000,3300,3300,8692,0,6,41.20032601921084,3.3185819993377663,3349.9487599983695,119573.89196962725
1668464835,1,,Aggregated,32.400000,0.000000,6,7,9,10,41,100,540,960,3000,3300,3300,8692,0,6,41.20032601921084,3.3185819993377663,3349.9487599983695,119573.89196962725
1668464836,1,,Aggregated,32.900000,0.000000,6,7,9,10,41,100,540,960,3000,3300,3300,8733,0,6,41.252961332642876,3.3185819993377663,3349.9487599983695,119396.42219168671
1668464837,1,,Aggregated,32.800000,0.000000,6,7,9,10,41,100,540,960,3000,3300,3300,8774,0,6,41.170860838840554,3.3185819993377663,3349.9487599983695,119479.35080920902
1668464838,1,,Aggregated,32.800000,0.000000,6,7,9,10,41,100,540,960,3000,3300,3300,8774,0,6,41.170860838840554,3.3185819993377663,3349.9487599983695,119479.35080920902
1668464839,1,,Aggregated,28.700000,0.000000,6,7,9,10,41,99,540,960,3000,3300,3300,8815,0,6,41.22086144605881,3.3185819993377663,3349.9487599983695,119262.52285876348
1668464840,1,,Aggregated,28.700000,0.000000,6,7,9,10,41,99,540,960,3000,3300,3300,8815,0,6,41.22086144605881,3.3185819993377663,3349.9487599983695,119262.52285876348
1668464841,1,,Aggregated,24.600000,0.000000,6,7,9,10,42,100,540,990,3000,3300,3300,8823,0,6,41.41471275416705,3.3185819993377663,3349.9487599983695,119617.85934489402
1668464842,1,,Aggregated,24.600000,0.000000,6,7,9,10,42,100,540,990,3000,3300,3300,8856,0,6,41.28596188798894,3.3185819993377663,3349.9487599983695,119269.7009936766
1668464843,1,,Aggregated,24.600000,0.000000,6,7,9,10,42,100,540,990,3000,3300,3300,8856,0,6,41.28596188798894,3.3185819993377663,3349.9487599983695,119269.7009936766
1668464844,1,,Aggregated,24.600000,0.000000,6,7,9,10,42,100,540,1000,3000,3300,3300,8857,0,6,41.59857060562635,3.3185819993377663,3349.9487599983695,119522.28689172406
1668464845,1,,Aggregated,20.500000,0.000000,6,7,9,10,42,100,540,1000,3000,3300,3300,8897,0,6,41.515353277062275,3.3185819993377663,3349.9487599983695,119166.78408452288
1668464846,1,,Aggregated,20.400000,0.000000,6,7,9,10,41,100,540,990,3000,3300,3300,8938,0,6,41.428056325579576,3.3185819993377663,3349.9487599983695,118980.30521369434
1668464847,1,,Aggregated,16.600000,0.000000,6,7,9,10,41,100,540,990,3000,3300,3300,8979,0,6,41.34524421283258,3.3185819993377663,3349.9487599983695,119022.84775587481
1668464848,1,,Aggregated,20.400000,0.000000,6,7,9,10,41,100,540,960,2900,3300,3300,9020,0,6,41.25284542417179,3.3185819993377663,3349.9487599983695,118759.97294900221
1668464849,1,,Aggregated,20.400000,0.000000,6,7,9,10,41,100,540,960,2900,3300,3300,9020,0,6,41.25284542417179,3.3185819993377663,3349.9487599983695,118759.97294900221
1668464850,1,,Aggregated,20.500000,0.000000,6,7,9,10,41,100,540,990,2900,3300,3300,9023,0,6,41.50228838934203,3.3185819993377663,3349.9487599983695,119319.85492629946
1668464851,1,,Aggregated,24.600000,0.000000,6,7,9,10,41,100,540,990,2900,3300,3300,9064,0,6,41.43252207259805,3.3185819993377663,3349.9487599983695,119131.52427184465
1668464852,1,,Aggregated,20.500000,0.000000,6,7,9,10,41,100,530,960,2900,3300,3300,9123,0,6,41.2757189843201,3.3185819993377663,3349.9487599983695,118717.98443494465
1668464853,1,,Aggregated,20.900000,0.000000,6,7,9,10,41,100,530,960,2900,3300,3300,9143,0,6,41.199398902434744,3.3185819993377663,3349.9487599983695,118497.7765503664
1668464854,1,,Aggregated,20.900000,0.000000,6,7,9,10,41,100,530,960,2900,3300,3300,9143,0,6,41.199398902434744,3.3185819993377663,3349.9487599983695,118497.7765503664
1668464855,1,,Aggregated,27.600000,0.000000,6,7,9,10,41,100,530,990,2900,3300,3300,9184,0,6,41.331598136971145,3.3185819993377663,3349.9487599983695,118663.64470818815
1668464857,1,,Aggregated,28.700000,0.000000,6,7,9,10,41,100,530,960,2900,3300,3300,9225,0,6,41.257619135925545,3.3185819993377663,3349.9487599983695,118726.79479674797
1668464858,1,,Aggregated,28.700000,0.000000,6,7,9,10,41,100,530,960,2900,3300,3300,9251,0,6,41.25283288843447,3.3185819993377663,3349.9487599983695,119019.43162901308
1668464859,1,,Aggregated,28.700000,0.000000,6,7,9,10,41,100,530,930,2900,3300,3300,9304,0,6,41.12543772193778,3.3185819993377663,3349.9487599983695,118767.90412725709
1668464860,1,,Aggregated,28.700000,0.000000,6,7,9,10,41,100,530,930,2900,3300,3300,9348,0,6,41.01936498683152,3.3185819993377663,3349.9487599983695,118571.84221223791
1668464861,1,,Aggregated,26.800000,0.000000,6,7,9,10,41,100,530,930,2900,3300,3300,9389,0,6,40.95960971369842,3.3185819993377663,3349.9487599983695,118659.14847161571
1668464862,1,,Aggregated,26.800000,0.000000,6,7,9,10,41,100,530,930,2900,3300,3300,9389,0,6,40.95960971369842,3.3185819993377663,3349.9487599983695,118659.14847161571
1668464863,1,,Aggregated,32.800000,0.000000,6,7,9,10,41,100,530,960,2900,3300,3300,9390,0,6,41.16929930425072,3.3185819993377663,3349.9487599983695,119074.0385516507
1668464864,1,,Aggregated,36.500000,0.000000,6,7,9,10,41,100,530,930,2900,3300,3300,9430,0,6,41.07826791547395,3.3185819993377663,3349.9487599983695,118741.96405090138
1668464865,1,,Aggregated,32.100000,0.000000,6,7,9,10,41,100,530,930,2900,3300,3300,9471,0,6,41.01366653488868,3.3185819993377663,3349.9487599983695,118849.17495512617
1668464866,1,,Aggregated,25.800000,0.000000,6,7,9,10,41,100,530,900,2900,3300,3300,9512,0,6,40.9370214548925,3.3185819993377663,3349.9487599983695,118873.29163162321
1668464867,1,,Aggregated,32.800000,0.000000,6,7,9,10,41,100,520,900,2900,3300,3300,9563,0,6,40.8630867674304,3.3185819993377663,3349.9487599983695,118937.92251385549
1668464868,1,,Aggregated,32.800000,0.000000,6,7,9,10,41,99,520,900,2900,3300,3300,9594,0,6,40.7479408807571,3.3185819993377663,3349.9487599983695,118618.75161559308
1668464869,1,,Aggregated,32.800000,0.000000,6,7,9,10,41,99,520,900,2900,3300,3300,9594,0,6,40.7479408807571,3.3185819993377663,3349.9487599983695,118618.75161559308
1668464870,1,,Aggregated,34.700000,0.000000,6,7,9,10,41,100,530,930,2900,3300,3300,9595,0,6,41.036043989055266,3.3185819993377663,3349.9487599983695,119032.1280875456
1668464871,1,,Aggregated,29.500000,0.000000,6,7,9,10,41,100,520,900,2900,3300,3300,9635,0,6,40.9615322688105,3.3185819993377663,3349.9487599983695,118719.57426050857
1668464872,1,,Aggregated,24.600000,0.000000,6,7,9,10,41,100,520,900,2900,3300,3300,9676,0,6,40.87854005601464,3.3185819993377663,3349.9487599983695,118539.76343530384
1668464873,1,,Aggregated,24.600000,0.000000,6,7,9,10,41,100,520,870,2900,3300,3300,9717,0,6,40.79219790573426,3.3185819993377663,3349.9487599983695,118311.53164556962
1668464874,1,,Aggregated,28.500000,0.000000,6,7,9,10,41,99,520,900,2900,3300,3300,9753,0,6,40.794942686355675,3.3185819993377663,3349.9487599983695,118603.30134317646
1668464875,1,,Aggregated,28.500000,0.000000,6,7,9,10,41,99,520,900,2900,3300,3300,9758,0,6,40.779043255587936,3.3185819993377663,3349.9487599983695,118554.3238368518
1668464876,1,,Aggregated,28.500000,0.000000,6,7,9,10,41,99,520,900,2900,3300,3300,9758,0,6,40.779043255587936,3.3185819993377663,3349.9487599983695,118554.3238368518
1668464877,1,,Aggregated,28.700000,0.000000,6,7,9,10,41,100,520,930,2900,3300,3300,9799,0,6,40.901139283602326,3.3185819993377663,3349.9487599983695,118411.88304929074
1668464878,1,,Aggregated,28.700000,0.000000,6,7,9,10,41,100,520,930,2900,3300,3300,9799,0,6,40.901139283602326,3.3185819993377663,3349.9487599983695,118411.88304929074
1668464879,1,,Aggregated,28.700000,0.000000,6,7,9,10,41,100,520,930,2900,3300,3300,9799,0,6,40.901139283602326,3.3185819993377663,3349.9487599983695,118411.88304929074
1668464880,1,,Aggregated,20.500000,0.000000,6,7,9,10,41,100,520,960,3000,3300,3300,9800,0,6,41.20628854571601,3.3185819993377663,3349.9487599983695,118493.35469387755
1668464881,1,,Aggregated,20.500000,0.000000,6,7,9,10,41,100,520,930,3000,3300,3300,9840,0,6,41.14206588607952,3.3185819993377663,3349.9487599983695,118110.0625
1668464882,1,,Aggregated,20.500000,0.000000,6,7,9,10,41,100,520,930,3000,3300,3300,9881,0,6,41.079397835241636,3.3185819993377663,3349.9487599983695,118077.13480416962
1668464883,1,,Aggregated,20.500000,0.000000,6,7,9,10,41,100,520,930,3000,3300,3300,9881,0,6,41.079397835241636,3.3185819993377663,3349.9487599983695,118077.13480416962
1668464884,1,,Aggregated,16.900000,0.000000,6,7,9,10,41,100,520,930,3000,3300,3300,9922,0,6,41.0979324246135,3.3185819993377663,3349.9487599983695,118423.25891957266
1668464885,1,,Aggregated,16.400000,0.000000,6,7,9,10,41,100,520,960,3000,3300,3300,9923,0,6,41.221774184824646,3.3185819993377663,3349.9487599983695,118702.75531593268
1668464886,1,,Aggregated,17.100000,0.000000,6,7,9,10,41,100,520,960,3000,3300,3300,9963,0,6,41.111990817927406,3.3185819993377663,3349.9487599983695,118375.69768142125
1668464887,1,,Aggregated,17.100000,0.000000,6,7,9,10,41,100,520,960,3000,3300,3300,9963,0,6,41.111990817927406,3.3185819993377663,3349.9487599983695,118375.69768142125
1668464888,1,,Aggregated,18.500000,0.000000,6,7,9,10,41,100,520,960,2900,3300,3300,10004,0,6,41.18764810216196,3.3185819993377663,3349.9487599983695,118374.02049180328
1668464889,1,,Aggregated,18.500000,0.000000,6,7,9,10,41,100,520,960,2900,3300,3300,10004,0,6,41.18764810216196,3.3185819993377663,3349.9487599983695,118374.02049180328
1668464890,1,,Aggregated,16.600000,0.000000,6,7,9,10,41,100,520,990,2900,3300,3300,10005,0,6,41.392651496654686,3.3185819993377663,3349.9487599983695,119101.64457771115
1668464891,1,,Aggregated,20.500000,0.000000,6,7,9,10,41,100,520,990,2900,3300,3300,10045,0,6,41.30735292782813,3.3185819993377663,3349.9487599983695,118910.71707317073
1668464892,1,,Aggregated,20.500000,0.000000,6,7,9,10,41,100,520,990,2900,3300,3300,10086,0,6,41.25292140392704,3.3185819993377663,3349.9487599983695,118912.24261352369
1668464893,1,,Aggregated,20.500000,0.000000,6,7,9,10,41,100,520,990,2900,3300,3300,10086,0,6,41.25292140392704,3.3185819993377663,3349.9487599983695,118912.24261352369
1668464894,1,,Aggregated,20.200000,0.000000,6,7,9,10,41,100,530,1000,2900,3300,3300,10087,0,6,41.46049376197205,3.3185819993377663,3349.9487599983695,119320.69257460097
1668464895,1,,Aggregated,20.500000,0.000000,6,7,9,10,41,100,520,990,2900,3300,3300,10127,0,6,41.37926464639167,3.3185819993377663,3349.9487599983695,119042.91863335637
1668464896,1,,Aggregated,19.600000,0.000000,6,7,9,10,41,100,520,990,2900,3300,3300,10168,0,6,41.312236701023785,3.3185819993377663,3349.9487599983695,119120.6357199056
1668464897,1,,Aggregated,16.600000,0.000000,6,7,9,10,41,100,520,960,2900,3300,3300,10209,0,6,41.26340548085093,3.3185819993377663,3349.9487599983695,119081.62454696836
1668464898,1,,Aggregated,18.400000,0.000000,6,7,9,10,41,100,520,960,2900,3300,3300,10250,0,6,41.18105920995146,3.3185819993377663,3349.9487599983695,119019.95785365853
1668464899,1,,Aggregated,20.500000,0.000000,6,7,9,10,41,100,520,960,2900,3300,3300,10291,0,6,41.121877987951315,3.3185819993377663,3349.9487599983695,119158.51860849286
1668464900,1,,Aggregated,20.500000,0.000000,6,7,9,10,41,100,520,960,2900,3300,3300,10291,0,6,41.121877987951315,3.3185819993377663,3349.9487599983695,119158.51860849286
1668464901,1,,Aggregated,24.600000,0.000000,6,7,9,10,41,100,520,960,2900,3300,3300,10332,0,6,41.146223817850675,3.3185819993377663,3349.9487599983695,119232.07588075881
1668464902,1,,Aggregated,24.600000,0.000000,6,7,9,10,41,100,520,960,2900,3300,3300,10332,0,6,41.146223817850675,3.3185819993377663,3349.9487599983695,119232.07588075881
1668464903,1,,Aggregated,28.400000,0.000000,6,7,9,10,41,100,530,990,2900,3300,3300,10336,0,6,41.3411401106845,3.3185819993377663,3349.9487599983695,119644.53802244582
1668464905,1,,Aggregated,28.700000,0.000000,6,7,9,10,41,100,530,990,2900,3300,3300,10376,0,6,41.2878343559204,3.3185819993377663,3349.9487599983695,119820.73843484966
1668464906,1,,Aggregated,25.000000,0.000000,6,7,9,10,41,100,520,960,2900,3300,3300,10442,0,6,41.12452664384408,3.3185819993377663,3349.9487599983695,119786.58121049608
1668464907,1,,Aggregated,28.800000,0.000000,6,7,9,10,41,100,520,960,2900,3300,3300,10459,0,6,41.153407169616244,3.3185819993377663,3349.9487599983695,120279.2237307582
1668464908,1,,Aggregated,31.100000,0.000000,6,7,9,10,41,100,520,930,2900,3300,3300,10537,0,6,40.943777981402505,3.3185819993377663,3349.9487599983695,119991.00749739015
1668464909,1,,Aggregated,31.100000,0.000000,6,7,9,10,41,100,520,930,2900,3300,3300,10578,0,6,40.86234335536082,3.3185819993377663,3349.9487599983695,119975.29542446588
1668464910,1,,Aggregated,31.100000,0.000000,6,7,9,10,41,100,520,930,2900,3300,3300,10578,0,6,40.86234335536082,3.3185819993377663,3349.9487599983695,119975.29542446588
1668464911,1,,Aggregated,32.800000,0.000000,6,7,9,10,41,100,520,930,2900,3300,3300,10619,0,6,40.91125294764479,3.3185819993377663,3349.9487599983695,119822.96233166965
1668464912,1,,Aggregated,32.800000,0.000000,6,7,9,10,41,100,520,930,2900,3300,3300,10660,0,6,40.83827117889806,3.3185819993377663,3349.9487599983695,119750.99803001876
1668464913,1,,Aggregated,32.800000,0.000000,6,7,9,10,41,100,520,930,2900,3300,3300,10660,0,6,40.83827117889806,3.3185819993377663,3349.9487599983695,119750.99803001876
1668464914,1,,Aggregated,31.500000,0.000000,6,7,9,10,41,99,520,930,2900,3300,3300,10701,0,6,40.84581609682076,3.3185819993377663,3349.9487599983695,119465.98215120082
1668464915,1,,Aggregated,31.500000,0.000000,6,7,9,10,41,99,520,930,2900,3300,3300,10701,0,6,40.84581609682076,3.3185819993377663,3349.9487599983695,119465.98215120082
1668464916,1,,Aggregated,32.800000,0.000000,6,7,9,10,41,99,520,960,2900,3300,3300,10742,0,6,40.88501552281285,3.3185819993377663,3349.9487599983695,119323.10649785887
1668464917,1,,Aggregated,36.500000,0.000000,6,7,9,10,41,98,520,960,2900,3300,3300,10783,0,6,40.81796664110877,3.3185819993377663,3349.9487599983695,119390.90280997867
1668464918,1,,Aggregated,30.400000,0.000000,6,7,9,10,41,99,520,990,2900,3300,3300,10784,0,6,40.949176329661945,3.3185819993377663,3349.9487599983695,119534.4846995549
1668464919,1,,Aggregated,30.400000,0.000000,6,7,9,10,41,99,520,960,2900,3300,3300,10824,0,6,40.85488818154685,3.3185819993377663,3349.9487599983695,119214.75729859571
1668464920,1,,Aggregated,30.400000,0.000000,6,7,9,10,41,99,520,960,2900,3300,3300,10824,0,6,40.85488818154685,3.3185819993377663,3349.9487599983695,119214.75729859571
1668464921,1,,Aggregated,24.600000,0.000000,6,7,9,10,41,100,520,990,2900,3300,3300,10865,0,6,40.917460657067686,3.3185819993377663,3349.9487599983695,119221.355821445
1668464922,1,,Aggregated,24.600000,0.000000,6,7,9,10,41,100,520,990,2900,3300,3300,10865,0,6,40.917460657067686,3.3185819993377663,3349.9487599983695,119221.355821445
1668464923,1,,Aggregated,24.600000,0.000000,6,7,9,10,41,100,520,990,2900,3300,3300,10865,0,6,40.917460657067686,3.3185819993377663,3349.9487599983695,119221.355821445
1668464924,1,,Aggregated,20.500000,0.000000,6,7,9,10,41,100,520,1000,3000,3300,3300,10867,0,6,41.19747769771237,3.3185819993377663,3349.9487599983695,119432.44050795988
1668464925,1,,Aggregated,20.500000,0.000000,6,7,9,10,41,100,520,990,3000,3300,3300,10906,0,6,41.118536613061075,3.3185819993377663,3349.9487599983695,119139.4646983312
1668464926,1,,Aggregated,16.400000,0.000000,6,7,9,10,41,100,520,990,3000,3300,3300,10947,0,6,41.048439080116545,3.3185819993377663,3349.9487599983695,118987.13684114369
1668464927,1,,Aggregated,18.900000,0.000000,6,7,9,10,41,100,520,990,3000,3300,3300,10988,0,6,40.98202101156359,3.3185819993377663,3349.9487599983695,119022.95686203131
1668464928,1,,Aggregated,18.900000,0.000000,6,7,9,10,41,100,520,960,2900,3300,3300,11029,0,6,40.91380892311846,3.3185819993377663,3349.9487599983695,118807.87668872971
1668464929,1,,Aggregated,18.900000,0.000000,6,7,9,10,41,100,520,960,2900,3300,3300,11029,0,6,40.91380892311846,3.3185819993377663,3349.9487599983695,118807.87668872971
1668464930,1,,Aggregated,24.600000,0.000000,6,7,9,10,41,100,530,990,2900,3300,3300,11033,0,6,41.1241431519152,3.3185819993377663,3349.9487599983695,119280.76153358107
1668464931,1,,Aggregated,20.500000,0.000000,6,7,9,10,40,100,520,960,2900,3300,3300,11103,0,6,40.96142787066814,3.3185819993377663,3349.9487599983695,118895.26164099792
1668464932,1,,Aggregated,20.500000,0.000000,6,7,9,10,40,100,520,960,2900,3300,3300,11152,0,6,40.85041100269228,3.3185819993377663,3349.9487599983695,118590.74865494978
1668464933,1,,Aggregated,20.500000,0.000000,6,7,9,10,40,100,520,960,2900,3300,3300,11152,0,6,40.85041100269228,3.3185819993377663,3349.9487599983695,118590.74865494978
1668464934,1,,Aggregated,24.700000,0.000000,6,7,9,10,40,100,520,990,2900,3300,3300,11154,0,6,41.039786636366024,3.3185819993377663,3349.9487599983695,118985.88344988345
1668464935,1,,Aggregated,28.700000,0.000000,6,7,9,10,40,100,520,990,2900,3300,3300,11193,0,6,40.95799283141166,3.3185819993377663,3349.9487599983695,118726.3420888055
1668464936,1,,Aggregated,28.700000,0.000000,6,7,9,10,40,100,520,960,2900,3300,3300,11234,0,6,40.896065655242325,3.3185819993377663,3349.9487599983695,118778.32018871284
1668464937,1,,Aggregated,27.600000,0.000000,6,7,9,10,40,100,520,960,2900,3300,3300,11275,0,6,40.854277665629525,3.3185819993377663,3349.9487599983695,118907.80798226164
1668464938,1,,Aggregated,27.600000,0.000000,6,7,9,10,40,100,520,930,2900,3300,3300,11318,0,6,40.81061954682868,3.3185819993377663,3349.9487599983695,118955.14331153914
1668464939,1,,Aggregated,27.600000,0.000000,6,7,9,10,40,100,520,930,2900,3300,3300,11357,0,6,40.69511132808123,3.3185819993377663,3349.9487599983695,118651.97772299022
1668464940,1,,Aggregated,25.000000,0.000000,6,7,9,10,40,100,520,930,2900,3300,3300,11398,0,6,40.659931850942485,3.3185819993377663,3349.9487599983695,118723.4339357782
1668464941,1,,Aggregated,25.000000,0.000000,6,7,9,10,40,100,520,930,2900,3300,3300,11398,0,6,40.659931850942485,3.3185819993377663,3349.9487599983695,118723.4339357782
1668464942,1,,Aggregated,33.800000,0.000000,6,7,9,10,40,100,520,930,2900,3300,3300,11401,0,6,40.85965287343632,3.3185819993377663,3349.9487599983695,119088.4339093062
1668464943,1,,Aggregated,32.800000,0.000000,6,7,9,10,40,100,520,930,2900,3300,3300,11439,0,6,40.77748124460775,3.3185819993377663,3349.9487599983695,118792.12536060845
1668464944,1,,Aggregated,28.600000,0.000000,6,7,9,10,40,100,520,930,2900,3300,3300,11480,0,6,40.7335648480873,3.3185819993377663,3349.9487599983695,118880.28196864111
1668464945,1,,Aggregated,25.500000,0.000000,6,7,9,10,40,100,520,900,2900,3300,3300,11521,0,6,40.673325815555906,3.3185819993377663,3349.9487599983695,118899.36359690999
1668464946,1,,Aggregated,28.800000,0.000000,6,7,9,10,40,100,520,900,2900,3300,3300,11565,0,6,40.640960574663765,3.3185819993377663,3349.9487599983695,118991.4345871163
1668464947,1,,Aggregated,31.500000,0.000000,6,7,9,10,40,99,520,870,2900,3300,3300,11603,0,6,40.53006351581311,3.3185819993377663,3349.9487599983695,118688.793415496
1668464948,1,,Aggregated,31.500000,0.000000,6,7,9,10,40,99,520,870,2900,3300,3300,11603,0,6,40.53006351581311,3.3185819993377663,3349.9487599983695,118688.793415496
1668464949,1,,Aggregated,35.000000,0.000000,6,7,9,10,40,100,520,900,2900,3300,3300,11605,0,6,40.76237644248009,3.3185819993377663,3349.9487599983695,119039.0429125377
1668464950,1,,Aggregated,32.400000,0.000000,6,7,9,10,40,100,520,900,2900,3300,3300,11644,0,6,40.69519480436326,3.3185819993377663,3349.9487599983695,118767.03151837856
1668464951,1,,Aggregated,24.600000,0.000000,6,7,9,10,40,100,520,900,2900,3300,3300,11685,0,6,40.62619718074757,3.3185819993377663,3349.9487599983695,118617.52657252888
1668464952,1,,Aggregated,23.800000,0.000000,6,7,9,10,40,100,520,870,2900,3300,3300,11726,0,6,40.57038999965886,3.3185819993377663,3349.9487599983695,118432.6210131332
1668464953,1,,Aggregated,24.600000,0.000000,6,7,9,10,40,100,520,900,2900,3300,3300,11740,0,6,40.64241632427625,3.3185819993377663,3349.9487599983695,118847.72231686542
1668464954,1,,Aggregated,28.700000,0.000000,6,7,9,10,40,99,520,900,2900,3300,3300,11767,0,6,40.56727707113202,3.3185819993377663,3349.9487599983695,118639.8061528002
1668464956,1,,Aggregated,28.700000,0.000000,6,7,9,10,40,99,520,900,2900,3300,3300,11767,0,6,40.56727707113202,3.3185819993377663,3349.9487599983695,118639.8061528002
1668464957,1,,Aggregated,28.600000,0.000000,6,7,9,10,40,100,520,930,2900,3300,3300,11782,0,6,40.756039144118816,3.3185819993377663,3349.9487599983695,118753.53089458495
1668464958,1,,Aggregated,28.600000,0.000000,6,7,9,10,40,100,520,900,2900,3300,3300,11808,0,6,40.68209469546106,3.3185819993377663,3349.9487599983695,118520.33951558266
1668464959,1,,Aggregated,28.600000,0.000000,6,7,9,10,40,100,520,900,2900,3300,3300,11808,0,6,40.68209469546106,3.3185819993377663,3349.9487599983695,118520.33951558266
1668464960,1,,Aggregated,28.600000,0.000000,6,7,9,10,40,100,520,900,2900,3300,3300,11808,0,6,40.68209469546106,3.3185819993377663,3349.9487599983695,118520.33951558266
1668464961,1,,Aggregated,20.500000,0.000000,6,7,9,10,40,100,520,930,3000,3300,3300,11814,0,6,40.98960990469026,3.3185819993377663,3349.9487599983695,118566.32842390385
1668464962,1,,Aggregated,20.300000,0.000000,6,7,9,10,40,100,520,930,3000,3300,3300,11872,0,6,40.874458494860754,3.3185819993377663,3349.9487599983695,118394.83819070082
1668464963,1,,Aggregated,20.300000,0.000000,6,7,9,10,40,100,520,930,3000,3300,3300,11890,0,6,40.82385366963803,3.3185819993377663,3349.9487599983695,118239.24945332212
1668464964,1,,Aggregated,16.800000,0.000000,6,7,9,10,40,100,520,930,3000,3300,3300,11931,0,6,40.84073720308148,3.3185819993377663,3349.9487599983695,118526.54697845948
1668464965,1,,Aggregated,16.800000,0.000000,6,7,9,10,40,100,520,930,3000,3300,3300,11931,0,6,40.84073720308148,3.3185819993377663,3349.9487599983695,118526.54697845948
1668464966,1,,Aggregated,16.400000,0.000000,6,7,9,10,40,100,520,960,3000,3300,3300,11972,0,6,40.854372847808804,3.3185819993377663,3349.9487599983695,118487.33820581356
1668464967,1,,Aggregated,16.400000,0.000000,6,7,9,10,40,100,520,960,3000,3300,3300,11972,0,6,40.854372847808804,3.3185819993377663,3349.9487599983695,118487.33820581356
1668464968,1,,Aggregated,20.500000,0.000000,6,7,9,10,40,100,520,960,2900,3300,3300,12013,0,6,40.90124215965706,3.3185819993377663,3349.9487599983695,118488.47348705569
1668464969,1,,Aggregated,20.500000,0.000000,6,7,9,10,40,100,520,960,2900,3300,3300,12013,0,6,40.90124215965706,3.3185819993377663,3349.9487599983695,118488.47348705569
1668464970,1,,Aggregated,16.800000,0.000000,6,7,9,10,40,100,520,990,2900,3300,3300,12014,0,6,41.061976526298935,3.3185819993377663,3349.9487599983695,119094.41360079907
1668464971,1,,Aggregated,16.800000,0.000000,6,7,9,10,40,100,520,990,2900,3300,3300,12054,0,6,40.98898838128118,3.3185819993377663,3349.9487599983695,118935.73394723743
1668464972,1,,Aggregated,20.500000,0.000000,6,7,9,10,40,100,520,990,2900,3300,3300,12095,0,6,40.94281105224934,3.3185819993377663,3349.9487599983695,118936.89260024803
1668464973,1,,Aggregated,20.500000,0.000000,6,7,9,10,40,100,520,990,2900,3300,3300,12095,0,6,40.94281105224934,3.3185819993377663,3349.9487599983695,118936.89260024803
1668464974,1,,Aggregated,22.500000,0.000000,6,7,9,10,40,100,520,1000,2900,3300,3300,12097,0,6,41.11438721831474,3.3185819993377663,3349.9487599983695,119291.832107134
1668464975,1,,Aggregated,22.500000,0.000000,6,7,9,10,40,100,520,990,2900,3300,3300,12136,0,6,41.03072651606413,3.3185819993377663,3349.9487599983695,119045.58174027686
1668464976,1,,Aggregated,20.500000,0.000000,6,7,8,10,40,100,520,990,2900,3300,3300,12177,0,6,40.97599247063984,3.3185819993377663,3349.9487599983695,119110.51999671511
1668464977,1,,Aggregated,20.500000,0.000000,6,7,8,10,40,100,520,960,2900,3300,3300,12218,0,6,40.9407701481428,3.3185819993377663,3349.9487599983695,119077.7015059748
1668464978,1,,Aggregated,20.500000,0.000000,6,7,8,10,40,100,520,960,2900,3300,3300,12259,0,6,40.87933786654941,3.3185819993377663,3349.9487599983695,119026.60975609756
1668464979,1,,Aggregated,22.400000,0.000000,6,7,8,10,40,100,520,960,2900,3300,3300,12300,0,6,40.8396986952017,3.3185819993377663,3349.9487599983695,119143.89674796748
1668464980,1,,Aggregated,27.200000,0.000000,6,7,8,10,40,100,520,960,2900,3300,3300,12301,0,6,40.93071668230066,3.3185819993377663,3349.9487599983695,119447.33102999756
1668464981,1,,Aggregated,25.000000,0.000000,6,7,8,10,40,100,520,960,2900,3300,3300,12341,0,6,40.844377335626994,3.3185819993377663,3349.9487599983695,119205.52815817195
1668464982,1,,Aggregated,25.000000,0.000000,6,7,8,10,40,100,520,960,2900,3300,3300,12341,0,6,40.844377335626994,3.3185819993377663,3349.9487599983695,119205.52815817195
1668464983,1,,Aggregated,28.600000,0.000000,6,7,8,10,40,100,520,990,2900,3300,3300,12370,0,6,40.95109176790644,3.3185819993377663,3349.9487599983695,119371.73306386419
1668464984,1,,Aggregated,26.300000,0.000000,6,7,8,10,40,100,520,990,2900,3300,3300,12400,0,6,40.93391120306478,3.3185819993377663,3349.9487599983695,119645.36564516129
1668464985,1,,Aggregated,24.800000,0.000000,6,7,8,10,40,100,520,960,2900,3300,3300,12464,0,6,40.80017293533691,3.3185819993377663,3349.9487599983695,119563.11192233633
1668464986,1,,Aggregated,28.700000,0.000000,6,7,8,10,40,100,520,960,2900,3300,3300,12493,0,6,40.79057448907878,3.3185819993377663,3349.9487599983695,119925.36652525414
1668464987,1,,Aggregated,28.700000,0.000000,6,7,8,10,40,100,520,930,2900,3300,3300,12546,0,6,40.69091712147892,3.3185819993377663,3349.9487599983695,119835.0642435836
1668464988,1,,Aggregated,28.700000,0.000000,6,7,8,10,40,100,520,930,2900,3300,3300,12587,0,6,40.62652848264875,3.3185819993377663,3349.9487599983695,119819.6381186939
1668464989,1,,Aggregated,28.700000,0.000000,6,7,8,10,40,100,520,930,2900,3300,3300,12587,0,6,40.62652848264875,3.3185819993377663,3349.9487599983695,119819.6381186939
1668464990,1,,Aggregated,29.800000,0.000000,6,7,8,10,40,100,520,930,2900,3300,3300,12615,0,6,40.71832673690867,3.3185819993377663,3349.9487599983695,119801.2033293698
1668464991,1,,Aggregated,32.400000,0.000000,6,7,8,10,40,100,520,930,2900,3300,3300,12661,0,6,40.650363042422114,3.3185819993377663,3349.9487599983695,119702.22470578943
1668464992,1,,Aggregated,32.400000,0.000000,6,7,8,10,40,100,520,930,2900,3300,3300,12669,0,6,40.62950365104606,3.3185819993377663,3349.9487599983695,119633.13371221091
1668464993,1,,Aggregated,28.800000,0.000000,6,7,8,10,40,100,520,930,2900,3300,3300,12710,0,6,40.633269420698866,3.3185819993377663,3349.9487599983695,119394.12100708103
1668464994,1,,Aggregated,28.800000,0.000000,6,7,8,10,40,100,520,930,2900,3300,3300,12710,0,6,40.633269420698866,3.3185819993377663,3349.9487599983695,119394.12100708103
1668464995,1,,Aggregated,32.700000,0.000000,6,7,8,10,40,100,520,960,2900,3300,3300,12751,0,6,40.67493207294083,3.3185819993377663,3349.9487599983695,119272.5123519724
1668464996,1,,Aggregated,32.800000,0.000000,6,7,8,10,40,100,520,960,2900,3300,3300,12792,0,6,40.62529836117049,3.3185819993377663,3349.9487599983695,119329.94660725453
1668464997,1,,Aggregated,32.800000,0.000000,6,7,8,10,40,100,520,960,2900,3300,3300,12792,0,6,40.62529836117049,3.3185819993377663,3349.9487599983695,119329.94660725453
1668464998,1,,Aggregated,28.700000,0.000000,6,7,8,10,40,100,520,960,2900,3300,3300,12811,0,6,40.72949651081855,3.3185819993377663,3349.9487599983695,119358.54289282647
1668464999,1,,Aggregated,28.700000,0.000000,6,7,8,10,40,100,520,960,2900,3300,3300,12833,0,6,40.671052717297975,3.3185819993377663,3349.9487599983695,119181.4936491857
1668465000,1,,Aggregated,24.600000,0.000000,6,7,8,10,40,100,520,990,2900,3300,3300,12836,0,6,40.79985702462535,3.3185819993377663,3349.9487599983695,119434.54199127454
1668465001,1,,Aggregated,24.600000,0.000000,6,7,8,10,40,100,520,990,2900,3300,3300,12874,0,6,40.712237131045406,3.3185819993377663,3349.9487599983695,119186.73955258662
1668465002,1,,Aggregated,24.600000,0.000000,6,7,8,10,40,100,520,990,2900,3300,3300,12874,0,6,40.712237131045406,3.3185819993377663,3349.9487599983695,119186.73955258662
1668465003,1,,Aggregated,24.600000,0.000000,6,7,8,10,40,100,520,990,2900,3300,3300,12874,0,6,40.712237131045406,3.3185819993377663,3349.9487599983695,119186.73955258662
1668465004,1,,Aggregated,20.500000,0.000000,6,7,8,10,40,100,520,1000,3000,3300,3300,12878,0,6,40.981711824279984,3.3185819993377663,3349.9487599983695,119373.67129989128
1668465005,1,,Aggregated,20.400000,0.000000,6,7,8,10,40,100,520,990,3000,3300,3300,12916,0,6,40.947526478249884,3.3185819993377663,3349.9487599983695,119268.37589036854
1668465006,1,,Aggregated,16.400000,0.000000,6,7,8,10,40,100,520,990,3000,3300,3300,12958,0,6,40.89166329125374,3.3185819993377663,3349.9487599983695,119263.85036271029
1668465007,1,,Aggregated,17.300000,0.000000,6,7,8,10,40,100,530,990,3000,3300,3300,12998,0,6,40.845249109100926,3.3185819993377663,3349.9487599983695,119111.23503615941
1668465009,1,,Aggregated,16.700000,0.000000,6,7,8,10,40,100,520,960,2900,3300,3300,13038,0,6,40.748994065737726,3.3185819993377663,3349.9487599983695,118837.1250958736
1668465010,1,,Aggregated,16.700000,0.000000,6,7,8,10,40,100,520,960,2900,3300,3300,13038,0,6,40.748994065737726,3.3185819993377663,3349.9487599983695,118837.1250958736
1668465011,1,,Aggregated,20.600000,0.000000,6,7,8,10,40,100,530,990,2900,3300,3300,13041,0,6,40.94100838095858,3.3185819993377663,3349.9487599983695,119224.48677248677
1668465012,1,,Aggregated,20.500000,0.000000,6,7,8,10,40,100,520,990,2900,3300,3300,13083,0,6,40.89077339624446,3.3185819993377663,3349.9487599983695,119094.78086065887
1668465013,1,,Aggregated,19.800000,0.000000,6,7,8,10,40,100,520,960,2900,3300,3300,13139,0,6,40.79436972296605,3.3185819993377663,3349.9487599983695,118820.15374077176
1668465014,1,,Aggregated,19.800000,0.000000,6,7,8,10,40,100,520,960,2900,3300,3300,13161,0,6,40.73895206048473,3.3185819993377663,3349.9487599983695,118652.62989134564
1668465015,1,,Aggregated,19.800000,0.000000,6,7,8,10,40,100,520,960,2900,3300,3300,13161,0,6,40.73895206048473,3.3185819993377663,3349.9487599983695,118652.62989134564
1668465016,1,,Aggregated,28.700000,0.000000,6,7,8,10,40,100,520,990,2900,3300,3300,13184,0,6,40.88669143082697,3.3185819993377663,3349.9487599983695,118893.95797936893
1668465017,1,,Aggregated,27.800000,0.000000,6,7,8,10,40,100,520,960,2900,3300,3300,13218,0,6,40.85804447223673,3.3185819993377663,3349.9487599983695,118984.54289605084
1668465018,1,,Aggregated,24.700000,0.000000,6,7,8,10,40,100,520,960,2900,3300,3300,13244,0,6,40.85480378224295,3.3185819993377663,3349.9487599983695,119142.07512836001
1668465019,1,,Aggregated,24.500000,0.000000,6,7,8,10,40,100,520,960,2900,3300,3300,13286,0,6,40.799039003613004,3.3185819993377663,3349.9487599983695,119071.85586331476
1668465020,1,,Aggregated,24.500000,0.000000,6,7,8,10,40,100,520,930,2900,3300,3300,13363,0,6,40.64193947609049,3.3185819993377663,3349.9487599983695,118728.61393399685
1668465021,1,,Aggregated,24.600000,0.000000,6,7,8,10,40,100,520,930,2900,3300,3300,13393,0,6,40.62628796587716,3.3185819993377663,3349.9487599983695,118862.51377585306
1668465022,1,,Aggregated,24.600000,0.000000,6,7,8,10,40,100,520,900,2900,3300,3300,13407,0,6,40.592648689713805,3.3185819993377663,3349.9487599983695,118762.17334228389
1668465023,1,,Aggregated,24.600000,0.000000,6,7,8,10,40,100,520,900,2900,3300,3300,13407,0,6,40.592648689713805,3.3185819993377663,3349.9487599983695,118762.17334228389
1668465024,1,,Aggregated,32.600000,0.000000,6,7,8,10,40,100,520,930,2900,3300,3300,13448,0,6,40.66892749352944,3.3185819993377663,3349.9487599983695,118820.125446163
1668465025,1,,Aggregated,28.300000,0.000000,6,7,8,10,40,100,520,930,2900,3300,3300,13489,0,6,40.62236892586651,3.3185819993377663,3349.9487599983695,118896.16279931796
1668465026,1,,Aggregated,27.600000,0.000000,6,7,8,10,40,100,520,900,2900,3300,3300,13530,0,6,40.57245943296392,3.3185819993377663,3349.9487599983695,118913.603473762
1668465027,1,,Aggregated,31.200000,0.000000,6,7,8,10,40,100,520,900,2900,3300,3300,13571,0,6,40.516831183185666,3.3185819993377663,3349.9487599983695,118877.80627809299
1668465028,1,,Aggregated,31.200000,0.000000,6,7,8,10,40,100,520,870,2900,3300,3300,13612,0,6,40.45788975110291,3.3185819993377663,3349.9487599983695,118734.09719365266
1668465029,1,,Aggregated,31.200000,0.000000,6,7,8,10,40,100,520,870,2900,3300,3300,13612,0,6,40.45788975110291,3.3185819993377663,3349.9487599983695,118734.09719365266
1668465030,1,,Aggregated,31.200000,0.000000,6,7,8,10,40,100,520,870,2900,3300,3300,13612,0,6,40.45788975110291,3.3185819993377663,3349.9487599983695,118734.09719365266
1668465031,1,,Aggregated,32.800000,0.000000,6,7,8,10,40,100,520,900,2900,3300,3300,13639,0,6,40.63818830911423,3.3185819993377663,3349.9487599983695,118888.96869271941
1668465032,1,,Aggregated,28.400000,0.000000,6,7,8,10,40,100,520,900,2900,3300,3300,13694,0,6,40.54411391959891,3.3185819993377663,3349.9487599983695,118675.23272966263
1668465033,1,,Aggregated,24.700000,0.000000,6,7,8,10,40,100,520,870,2900,3300,3300,13735,0,6,40.49817760596757,3.3185819993377663,3349.9487599983695,118516.89508554788
1668465034,1,,Aggregated,24.700000,0.000000,6,7,8,10,40,100,520,870,2900,3300,3300,13735,0,6,40.49817760596757,3.3185819993377663,3349.9487599983695,118516.89508554788
1668465035,1,,Aggregated,28.800000,0.000000,6,7,8,10,40,100,520,900,2900,3300,3300,13776,0,6,40.50158918989079,3.3185819993377663,3349.9487599983695,118688.98577235773
1668465036,1,,Aggregated,28.800000,0.000000,6,7,8,10,40,100,520,900,2900,3300,3300,13776,0,6,40.50158918989079,3.3185819993377663,3349.9487599983695,118688.98577235773
1668465037,1,,Aggregated,28.300000,0.000000,6,7,8,10,40,100,520,930,2900,3300,3300,13778,0,6,40.659817288934256,3.3185819993377663,3349.9487599983695,118854.9344607345
1668465038,1,,Aggregated,25.700000,0.000000,6,7,8,10,40,100,520,900,2900,3300,3300,13817,0,6,40.59450593420785,3.3185819993377663,3349.9487599983695,118587.34435839907
1668465039,1,,Aggregated,25.700000,0.000000,6,7,8,10,40,100,520,900,2900,3300,3300,13817,0,6,40.59450593420785,3.3185819993377663,3349.9487599983695,118587.34435839907
1668465040,1,,Aggregated,25.700000,0.000000,6,7,8,10,40,100,520,900,2900,3300,3300,13817,0,6,40.59450593420785,3.3185819993377663,3349.9487599983695,118587.34435839907
1668465041,1,,Aggregated,20.500000,0.000000,6,7,8,10,40,100,520,930,3000,3300,3300,13819,0,6,40.832644956433526,3.3185819993377663,3349.9487599983695,118642.3129025255
1668465042,1,,Aggregated,20.500000,0.000000,6,7,8,10,40,100,520,930,3000,3300,3300,13858,0,6,40.78930429520513,3.3185819993377663,3349.9487599983695,118372.28272477991
1668465043,1,,Aggregated,20.200000,0.000000,6,7,8,10,40,100,520,930,3000,3300,3300,13899,0,6,40.736052173893306,3.3185819993377663,3349.9487599983695,118347.38779768329
1668465044,1,,Aggregated,16.800000,0.000000,6,7,8,10,40,100,520,960,3000,3300,3300,13900,0,6,40.823108987046254,3.3185819993377663,3349.9487599983695,118771.87395683453
1668465045,1,,Aggregated,16.300000,0.000000,6,7,8,10,40,100,520,930,3000,3300,3300,13940,0,6,40.74730840996883,3.3185819993377663,3349.9487599983695,118591.92855093257
1668465046,1,,Aggregated,16.400000,0.000000,6,7,8,10,40,100,520,960,3000,3300,3300,13943,0,6,40.84340196987446,3.3185819993377663,3349.9487599983695,118808.0813311339
1668465047,1,,Aggregated,14.700000,0.000000,6,7,8,10,40,100,520,960,3000,3300,3300,13981,0,6,40.76101565309866,3.3185819993377663,3349.9487599983695,118556.80823975395
1668465048,1,,Aggregated,14.700000,0.000000,6,7,8,10,40,100,520,960,3000,3300,3300,13981,0,6,40.76101565309866,3.3185819993377663,3349.9487599983695,118556.80823975395
1668465049,1,,Aggregated,18.800000,0.000000,6,7,8,10,40,100,520,960,2900,3300,3300,14022,0,6,40.8131549588494,3.3185819993377663,3349.9487599983695,118556.48794751105
1668465050,1,,Aggregated,18.800000,0.000000,6,7,8,10,40,100,520,960,2900,3300,3300,14022,0,6,40.8131549588494,3.3185819993377663,3349.9487599983695,118556.48794751105
1668465051,1,,Aggregated,16.600000,0.000000,6,7,8,10,40,100,520,990,2900,3300,3300,14025,0,6,40.959777624883145,3.3185819993377663,3349.9487599983695,119131.75037433155
1668465052,1,,Aggregated,20.500000,0.000000,6,7,8,10,40,100,520,990,2900,3300,3300,14063,0,6,40.88360834281207,3.3185819993377663,3349.9487599983695,118937.15771883666
1668465053,1,,Aggregated,20.500000,0.000000,6,7,8,10,40,100,520,960,2900,3300,3300,14104,0,6,40.845330743899524,3.3185819993377663,3349.9487599983695,118938.19965967101
1668465054,1,,Aggregated,20.500000,0.000000,6,7,8,10,40,100,520,960,2900,3300,3300,14104,0,6,40.845330743899524,3.3185819993377663,3349.9487599983695,118938.19965967101
1668465055,1,,Aggregated,20.800000,0.000000,6,7,8,10,40,100,520,990,2900,3300,3300,14108,0,6,41.007460927414606,3.3185819993377663,3349.9487599983695,119267.16791891126
1668465056,1,,Aggregated,20.500000,0.000000,6,7,8,10,40,100,530,990,2900,3300,3300,14147,0,6,40.971021829076655,3.3185819993377663,3349.9487599983695,119311.30847529511
1668465057,1,,Aggregated,20.100000,0.000000,6,7,8,10,40,100,520,990,2900,3300,3300,14186,0,6,40.885770259407934,3.3185819993377663,3349.9487599983695,119086.25243197518
1668465058,1,,Aggregated,18.100000,0.000000,6,7,8,10,40,100,520,960,2900,3300,3300,14227,0,6,40.86452705573454,3.3185819993377663,3349.9487599983695,119058.11885850847
1668465059,1,,Aggregated,18.500000,0.000000,6,7,8,10,40,100,520,960,2900,3300,3300,14268,0,6,40.811622487169075,3.3185819993377663,3349.9487599983695,119014.48815531259
1668465060,1,,Aggregated,20.500000,0.000000,6,7,8,10,40,100,520,940,2900,3300,3300,14309,0,6,40.78871275958818,3.3185819993377663,3349.9487599983695,119114.34446851631
1668465062,1,,Aggregated,20.500000,0.000000,6,7,8,10,40,100,520,940,2900,3300,3300,14309,0,6,40.78871275958818,3.3185819993377663,3349.9487599983695,119114.34446851631
1668465063,1,,Aggregated,24.600000,0.000000,6,7,8,10,40,100,530,960,2900,3300,3300,14350,0,6,40.80591650939918,3.3185819993377663,3349.9487599983695,119167.43191637631
1668465064,1,,Aggregated,24.600000,0.000000,6,7,8,10,40,100,530,960,2900,3300,3300,14350,0,6,40.80591650939918,3.3185819993377663,3349.9487599983695,119167.43191637631
1668465065,1,,Aggregated,27.700000,0.000000,6,7,8,10,40,100,530,990,2900,3300,3300,14352,0,6,40.946051555175366,3.3185819993377663,3349.9487599983695,119447.59455128205
1668465066,1,,Aggregated,28.400000,0.000000,6,7,8,10,40,100,530,990,2900,3300,3300,14391,0,6,40.87988797976927,3.3185819993377663,3349.9487599983695,119228.8311444653
